<?xml version="1.0" encoding="utf-8"?>
<ChaosBox>
  <!-- Aditional JOChaos Add Success -->
  <Jewel type="12" index="15" success="10" />
  <!-- Aditional JOBless Add Success -->
  <Jewel type="14" index="13" success="10" />
  <!-- Aditional JOSoul Add Success -->
  <Jewel type="14" index="14" success="10" />
  <!-- Aditional JOLife Add Success -->
  <Jewel type="14" index="16" success="10" />
  <!-- Aditional JOCreation Add Success -->
  <Jewel type="14" index="22" success="10" />

  <Mix name="Mithril" success="80" value="100000">
    <Ingredient iid="0" type="12" index="148" level="0-15" luck="-1" skill="-1" option="0" count="1" />
    <Ingredient iid="1" type="12" index="15" count="1" />
    <RewardSuccess iid="0" type="12" index="145" />
    <RewardFail iid="-1" />
  </Mix>

  <Mix name="Elixir" success="60" value="100000">
    <Ingredient iid="0" type="12" index="149" level="0-15" luck="-1" skill="-1" option="0" count="1" />
    <Ingredient iid="1" type="12" index="15" count="1" />
    <RewardSuccess iid="0" type="12" index="147" />
    <RewardFail iid="-1" />
  </Mix>

  <Mix name="Errtel" success="50" value="100000">
    <Ingredient iid="0" type="12" index="145" level="0-15" luck="-1" skill="-1" option="0" count="1" />
    <Ingredient iid="0" type="12" index="147" level="0-15" luck="-1" skill="-1" option="0" count="1" />
    <Ingredient iid="1" type="14" index="13" count="1" />
    <!-- Errtel of Gale -->
    <RewardSuccess iid="0" type="12" index="261" success="5" />
    <!-- Errtel of Divinity -->
    <RewardSuccess iid="0" type="12" index="251" success="10" />
    <!-- Errtel of Anger -->
    <RewardSuccess iid="0" type="12" index="221" success="40" />
    <!-- Errtel of Blessing -->
    <RewardSuccess iid="0" type="12" index="231" success="30" />
    <!-- Errtel of Integrity -->
    <RewardSuccess iid="0" type="12" index="241" success="15" />
    <RewardFail iid="-1" />
  </Mix>
  
  <Mix name="Item +10" success="100" value="2000000">
    <Ingredient iid="0" type="-1" index="-1" level="9" luck="-1" skill="-1" option="0" count="1" />
    <Ingredient iid="1" type="12" index="15" count="1" />
    <Ingredient iid="2" type="14" index="13" count="1" />
    <Ingredient iid="3" type="14" index="14" count="1" />
    <RewardSuccess iid="0" level="10" />
    <RewardFail iid="0" level="8" />   
  </Mix>
  
  <Mix name="Item +11" success="100" value="1000000">
    <Ingredient iid="0" type="-1" index="-1" level="10" luck="-1" skill="-1" option="4" count="1" />
    <Ingredient iid="1" type="12" index="15" count="1" />
    <Ingredient iid="2" type="14" index="13" count="2" />
    <Ingredient iid="3" type="14" index="14" count="2" />
    <RewardSuccess iid="0" level="11" />
    <RewardFail iid="-1" />   
  </Mix>
  
  <Mix name="Item +12" success="100" value="1000000">
    <Ingredient iid="0" type="-1" index="-1" level="11" luck="-1" skill="-1" option="4" count="1" />
    <Ingredient iid="1" type="12" index="15" count="1" />
    <Ingredient iid="2" type="14" index="13" count="3" />
    <Ingredient iid="3" type="14" index="14" count="3" />
    <RewardSuccess iid="0" level="12" />
    <RewardFail iid="-1" />   
  </Mix>
  
  <Mix name="Item +13" success="100" value="1000000">
    <Ingredient iid="0" type="-1" index="-1" level="12" luck="-1" skill="-1" option="4" count="1" />
    <Ingredient iid="1" type="12" index="15" count="1" />
    <Ingredient iid="2" type="14" index="13" count="4" />
    <Ingredient iid="3" type="14" index="14" count="4" />
    <RewardSuccess iid="0" level="13" />
    <RewardFail iid="-1" />   
  </Mix>
  
  <Mix name="Item +14" success="100" value="1000000">
    <Ingredient iid="0" type="-1" index="-1" level="13" luck="-1" skill="-1" option="4" count="1" />
    <Ingredient iid="1" type="12" index="15" count="1" />
    <Ingredient iid="2" type="14" index="13" count="5" />
    <Ingredient iid="3" type="14" index="14" count="5" />
    <RewardSuccess iid="0" level="14" />
    <RewardFail iid="-1" />   
  </Mix>
  
  <Mix name="Item +15" success="100" value="1000000">
    <Ingredient iid="0" type="-1" index="-1" level="14" luck="-1" skill="-1" option="4" count="1" />
    <Ingredient iid="1" type="12" index="15" count="1" />
    <Ingredient iid="2" type="14" index="13" count="6" />
    <Ingredient iid="3" type="14" index="14" count="6" />
    <RewardSuccess iid="0" level="15" />
    <RewardFail iid="-1" />   
  </Mix>

  <Mix name="Condor Feather Wings of Spirit" success="100" value="1000000">
    <Ingredient iid="0" type="12" index="3" level="9-15" luck="-1" skill="-1" option="4" count="1" />
    <!-- JOChaos -->
    <Ingredient iid="1" type="12" index="15" count="1" />
    <!-- JOCreation -->
    <Ingredient iid="2" type="14" index="22" count="1" />
    <!-- Jewel of Soul Compressed -->
    <Ingredient iid="3" type="12" index="31" count="1" />
    <!-- 1 Ancient Item+7+option -->
    <Ingredient iid="4" type="-1" index="-1" level="7-15" option="4" count="1" />
    <!-- Wings of Spirit -->
    <RewardSuccess type="12" index="3" level="0-7" luck="-1" skill="-1" option="-1" success="25" />
    <!-- Wings of Soul -->
    <RewardSuccess type="12" index="4" level="0-7" luck="-1" skill="-1" option="-1" success="25" />
    <!-- Wings of Dragon -->
    <RewardSuccess type="12" index="5" level="0-7" luck="-1" skill="-1" option="-1" success="25" />
    <!-- Wings of Darkness -->
    <RewardSuccess type="12" index="6" level="0-7" luck="-1" skill="-1" option="-1" success="25" />
    <!-- Wing of Despair -->
    <RewardSuccess type="12" index="42" level="0-7" luck="-1" skill="-1" option="-1" success="25" />
    <RewardFail iid="-1" />
  </Mix>

  <Mix name="Wings 2 Wings of Fairy" success="100" value="1000000">
    <Ingredient iid="0" type="12" index="0" level="0-15" luck="-1" skill="-1" option="4" count="1" />
    <Ingredient iid="1" type="12" index="15" count="1" />
    <!-- Loch's Feather -->
    <Ingredient iid="2" type="13" index="14" count="1" />
    <!-- Wings of Spirit -->
    <RewardSuccess type="12" index="3" level="0-7" luck="-1" skill="-1" option="-1" success="25" />
    <!-- Wings of Soul -->
    <RewardSuccess type="12" index="4" level="0-7" luck="-1" skill="-1" option="-1" success="25" />
    <!-- Wings of Dragon -->
    <RewardSuccess type="12" index="5" level="0-7" luck="-1" skill="-1" option="-1" success="25" />
    <!-- Wings of Darkness -->
    <RewardSuccess type="12" index="6" level="0-7" luck="-1" skill="-1" option="-1" success="25" />
    <!-- Wing of Despair -->
    <RewardSuccess type="12" index="42" level="0-7" luck="-1" skill="-1" option="-1" success="25" />
    <RewardFail iid="-1" />
  </Mix>

  <Mix name="Wings 2 Wings of Angel" success="100" value="1000000">
    <Ingredient iid="0" type="12" index="1" level="0-15" luck="-1" skill="-1" option="4" count="1" />
    <Ingredient iid="1" type="12" index="15" count="1" />
    <!-- Loch's Feather -->
    <Ingredient iid="2" type="13" index="14" luck="-1" skill="-1" count="1" />
    <!-- Wings of Spirit -->
    <RewardSuccess type="12" index="3" level="0-7" luck="-1" skill="-1" option="-1" success="25" />
    <!-- Wings of Soul -->
    <RewardSuccess type="12" index="4" level="0-7" luck="-1" skill="-1" option="-1" success="25" />
    <!-- Wings of Dragon -->
    <RewardSuccess type="12" index="5" level="0-7" luck="-1" skill="-1" option="-1" success="25" />
    <!-- Wings of Darkness -->
    <RewardSuccess type="12" index="6" level="0-7" luck="-1" skill="-1" option="-1" success="25" />
    <!-- Wing of Despair -->
    <RewardSuccess type="12" index="42" level="0-7" luck="-1" skill="-1" option="-1" success="25" />
    <RewardFail iid="-1" />
  </Mix>

  <Mix name="Wings 2 Wings of Satan" success="100" value="1000000">
    <Ingredient iid="0" type="12" index="2" level="0-15" luck="-1" skill="-1" option="4" count="1" />
    <Ingredient iid="1" type="12" index="15" count="1" />
    <!-- Loch's Feather -->
    <Ingredient iid="2" type="13" index="14" count="1" />
    <!-- Wings of Spirit -->
    <RewardSuccess type="12" index="3" level="0-7" luck="-1" skill="-1" option="-1" success="25" />
    <!-- Wings of Soul -->
    <RewardSuccess type="12" index="4" level="0-7" luck="-1" skill="-1" option="-1" success="25" />
    <!-- Wings of Dragon -->
    <RewardSuccess type="12" index="5" level="0-7" luck="-1" skill="-1" option="-1" success="25" />
    <!-- Wings of Darkness -->
    <RewardSuccess type="12" index="6" level="0-7" luck="-1" skill="-1" option="-1" success="25" />
    <!-- Wing of Despair -->
    <RewardSuccess type="12" index="42" level="0-7" luck="-1" skill="-1" option="-1" success="25" />
    <RewardFail iid="-1" />
  </Mix>

  <Mix name="Wings 2 Wings of Mistery" success="100" value="1000000">
    <Ingredient iid="0" type="12" index="41" level="0-15" luck="-1" skill="-1" option="4" count="1" />
    <Ingredient iid="1" type="12" index="15" count="1" />
    <!-- Loch's Feather -->
    <Ingredient iid="2" type="13" index="14" count="1" />
    <!-- Wings of Spirit -->
    <RewardSuccess type="12" index="3" level="0-7" luck="-1" skill="-1" option="-1" success="25" />
    <!-- Wings of Soul -->
    <RewardSuccess type="12" index="4" level="0-7" luck="-1" skill="-1" option="-1" success="25" />
    <!-- Wings of Dragon -->
    <RewardSuccess type="12" index="5" level="0-7" luck="-1" skill="-1" option="-1" success="25" />
    <!-- Wings of Darkness -->
    <RewardSuccess type="12" index="6" level="0-7" luck="-1" skill="-1" option="-1" success="25" />
    <!-- Wing of Despair -->
    <RewardSuccess type="12" index="42" level="0-7" luck="-1" skill="-1" option="-1" success="25" />
    <RewardFail iid="-1" />
  </Mix>


  <Mix name="Cape of Lord Wings of Fairy" success="100" value="1000000">
    <Ingredient iid="0" type="12" index="0" level="0-15" luck="-1" skill="-1" option="4" count="1" />
    <Ingredient iid="1" type="12" index="15" count="1" />
    <!-- Loch's Feather -->
    <Ingredient iid="2" type="13" index="14" level="1" count="1" />
    <!-- Mantle of Monarch -->
    <RewardSuccess type="12" index="40" level="0-7" luck="-1" skill="-1" option="-1" success="100" />
    <RewardFail iid="-1" />
  </Mix>

  <Mix name="Cape of Lord Wings of Angel" success="100" value="1000000">
    <Ingredient iid="0" type="12" index="1" level="0-15" luck="-1" skill="-1" option="4" count="1" />
    <Ingredient iid="1" type="12" index="15" count="1" />
    <!-- Loch's Feather -->
    <Ingredient iid="2" type="13" index="14" level="1" count="1" />
    <!-- Mantle of Monarch -->
    <RewardSuccess type="12" index="40" level="0-7" luck="-1" skill="-1" option="-1" success="100" />
    <RewardFail iid="-1" />
  </Mix>

  <Mix name="Cape of Lord Wings of Satan" success="100" value="1000000">
    <Ingredient iid="0" type="12" index="2" level="0-15" luck="-1" skill="-1" option="4" count="1" />
    <Ingredient iid="1" type="12" index="15" count="1" />
    <!-- Loch's Feather -->
    <Ingredient iid="2" type="13" index="14" level="1" count="1" />
    <!-- Mantle of Monarch -->
    <RewardSuccess type="12" index="40" level="0-7" luck="-1" skill="-1" option="-1" success="100" />
    <RewardFail iid="-1" />
  </Mix>

  <Mix name="Cape of Lord Wings of Mistery" success="100" value="1000000">
    <Ingredient iid="0" type="12" index="41" level="0-15" luck="-1" skill="-1" option="4" count="1" />
    <Ingredient iid="1" type="12" index="15" count="1" />
    <!-- Loch's Feather -->
    <Ingredient iid="2" type="13" index="14" level="1" count="1" />
    <!-- Mantle of Monarch -->
    <RewardSuccess type="12" index="40" level="0-7" luck="-1" skill="-1" option="-1" success="100" />
    <RewardFail iid="-1" />
  </Mix>

  <Mix name="Wings 1 Dragon Axe" success="100" value="1000000">
    <Ingredient iid="0" type="2" index="6" level="4-15" luck="-1" skill="-1" option="4" count="1" />
    <Ingredient iid="1" type="12" index="15" count="1" />
    <!-- Wings of Fairy -->
    <RewardSuccess type="12" index="0" level="0-7" luck="-1" skill="-1" option="-1" success="25" />
    <!-- Wings of Angel -->
    <RewardSuccess type="12" index="1" level="0-7" luck="-1" skill="-1" option="-1" success="25" />
    <!-- Wings of Satan -->
    <RewardSuccess type="12" index="2" level="0-7" luck="-1" skill="-1" option="-1" success="25" />
    <!-- Wing of Mistery -->
    <RewardSuccess type="12" index="41" level="0-7" luck="-1" skill="-1" option="-1" success="25" />
    <RewardFail iid="-1" />
  </Mix>

  <Mix name="Wings 1 Nature Bow" success="100" value="1000000">
    <Ingredient iid="0" type="4" index="6" level="4-15" luck="-1" skill="-1" option="4" count="1" />
    <Ingredient iid="1" type="12" index="15" count="1" />
    <!-- Wings of Fairy -->
    <RewardSuccess type="12" index="0" level="0-7" luck="-1" skill="-1" option="-1" success="25" />
    <!-- Wings of Angel -->
    <RewardSuccess type="12" index="1" level="0-7" luck="-1" skill="-1" option="-1" success="25" />
    <!-- Wings of Satan -->
    <RewardSuccess type="12" index="2" level="0-7" luck="-1" skill="-1" option="-1" success="25" />
    <!-- Wing of Mistery -->
    <RewardSuccess type="12" index="41" level="0-7" luck="-1" skill="-1" option="-1" success="25" />
    <RewardFail iid="-1" />
  </Mix>

  <Mix name="Wings 1 Lighting Staff" success="100" value="1000000">
    <Ingredient iid="0" type="5" index="7" level="4-15" luck="-1" skill="-1" option="4" count="1" />
    <Ingredient iid="1" type="12" index="15" count="1" />
    <!-- Wings of Fairy -->
    <RewardSuccess type="12" index="0" level="0-7" luck="-1" skill="-1" option="-1" success="25" />
    <!-- Wings of Angel -->
    <RewardSuccess type="12" index="1" level="0-7" luck="-1" skill="-1" option="-1" success="25" />
    <!-- Wings of Satan -->
    <RewardSuccess type="12" index="2" level="0-7" luck="-1" skill="-1" option="-1" success="25" />
    <!-- Wing of Mistery -->
    <RewardSuccess type="12" index="41" level="0-7" luck="-1" skill="-1" option="-1" success="25" />
    <RewardFail iid="-1" />
  </Mix>

  <Mix name="Chaos Item" success="100" value="1000000">
    <Ingredient iid="0" type="-1" index="-1" level="4-7" luck="-1" skill="-1" option="4" count="1" />
    <Ingredient iid="1" type="12" index="15" count="1" />
    <!-- Chaos Dragon Axe -->
    <RewardSuccess type="2" index="6" level="0-7" luck="-1" skill="-1" option="-1" success="33" />
    <!-- Chaos Nature Bow -->
    <RewardSuccess type="4" index="6" level="0-7" luck="-1" skill="-1" option="-1" success="33" />
    <!-- Chaos Lighting Staff -->
    <RewardSuccess type="5" index="7" level="0-7" luck="-1" skill="-1" option="-1" success="33" />
    <RewardFail iid="-1" />
  </Mix>
  
  <Mix name="Fruit" success="90" value="3000000">
    <!-- Jewel of Creation -->
    <Ingredient iid="0" type="14" index="22" count="1" />
    <!-- Jewel of Chaos -->
    <Ingredient iid="1" type="12" index="15" count="1" />
    <!-- Fruit -->
    <RewardSuccess iid="-1" type="13" index="15" level="0-4" luck="-1" skill="-1" option="-1" success="100" />
    <RewardFail iid="-1" />   
  </Mix>
  
  <Mix name="Potion Bless" success="100" value="100000">
    <Ingredient iid="0" type="14" index="13" count="1" />
    <RewardSuccess iid="-1" type="14" index="7" level="0" luck="0" skill="0" option="0" success="100" />
    <RewardFail iid="-1" />   
  </Mix>
  
  <Mix name="Potion Soul" success="100" value="100000">
    <Ingredient iid="0" type="14" index="14" count="1" />
    <RewardSuccess iid="-1" type="14" index="7" level="1" luck="0" skill="0" option="0" success="100" />
    <RewardFail iid="-1" />   
  </Mix>
  
  <Mix name="Invitation of Devil Square" success="100" value="100000">
    <Ingredient iid="0" type="14" index="17" level="1" count="1" />
    <Ingredient iid="1" type="14" index="18" level="1" count="1" />
    <Ingredient iid="2" type="12" index="15" count="1" />
    <RewardSuccess iid="0" type="14" index="19" level="255" luck="0" skill="0" option="0" success="100" />
    <RewardFail iid="-1" />   
  </Mix>
</ChaosBox>

