<?xml version="1.0" encoding="utf-8"?>
<NPCs>
  <NPC NPC="229" Type="Quest" Icon="Conversation" Data="0" />
  <!-- Chaos Goblin -->
  <NPC NPC="226" Type="Window" Data="7" Icon="Conversation" />
  <NPC NPC="230" Type="Shop" Data="0" Icon="Elixir" />
  <NPC NPC="231" Type="Shop" Data="22" Icon="Elixir" />
  <!-- King Angel -->
  <NPC NPC="232" Type="KingAngel" Icon="Conversation" Data="0" />
  <!-- Messenger Angel -->
  <NPC NPC="233" Type="MessengerAngel" Icon="Conversation" Data="0" />
  <NPC NPC="234" Type="ServerDivision" Icon="Conversation" Data="0" />
  <NPC NPC="235" Type="Quest" Icon="Conversation" Data="0" />  
  <NPC NPC="236" Type="EventChips" Icon="Conversation" Data="0" />
  <!-- Charon -->
  <NPC NPC="237" Type="DevilSquare" Icon="Conversation" Data="0" />
  <!-- Chaos Goblin -->
  <NPC NPC="238" Type="Window" Icon="Conversation" Data="3" />
  <NPC NPC="239" Type="Shop" Icon="Elixir" Data="2" />
  <NPC NPC="240" Type="Warehouse" Icon="Storage" Data="" />
  <NPC NPC="241" Type="GuildMaster" Icon="Conversation" Data="0" />
  <NPC NPC="242" Type="Shop" Icon="Elixir" Data="4" />
  <NPC NPC="243" Type="Shop" Icon="Elixir" Data="5" />
  <NPC NPC="244" Type="Shop" Icon="Elixir" Data="13" />
  <NPC NPC="245" Type="Shop" Icon="Elixir" Data="9" />
  <NPC NPC="246" Type="Shop" Icon="Elixir" Data="23" />
  <NPC NPC="248" Type="Shop" Icon="Elixir" Data="15" />
  <NPC NPC="250" Type="Shop" Icon="Elixir" Data="8" />
  <NPC NPC="251" Type="Shop" Icon="Hammer" Data="7" />
  <NPC NPC="253" Type="Shop" Icon="Elixir" Data="1" />
  <NPC NPC="254" Type="Shop" Icon="Elixir" Data="17" />
  <NPC NPC="255" Type="Shop" Icon="Elixir" Data="12" />
  <!-- Jewel Mixer -->
  <NPC NPC="256" Type="Window" Icon="Conversation" Data="9" />
  <!-- Shadow Phantom -->
  <!--<NPC NPC="257" Type="Buff" Icon="Shield" Data="3" /> Season 6-->
  <NPC NPC="257" Type="Talk" Icon="Shield" Data="0" />
  <!-- Leo, the Helper -->
  <NPC NPC="258" Type="Window" Icon="Conversation" Data="38" />
  <NPC NPC="259" Type="Shop" Data="18" />
  <!-- MainatenceMachine -->
  <NPC NPC="367" Type="Kanturu" Icon="Conversation" Data="0" />
  <!-- <NPC NPC="371" Type="Shop" Data="11" /> -->
  <NPC NPC="368" Type="Window" Icon="Conversation" Data="17" />
  <NPC NPC="369" Type="Window" Icon="Conversation" Data="18" />
  <NPC NPC="370" Type="Window" Icon="Conversation" Data="19" />
  <!-- Elite Soldier -->
  <NPC NPC="371" Type="Window" Icon="Conversation" Data="38" />                                                  
  <!-- ChaosCard Dealer -->
  <NPC NPC="375" Type="Window" Icon="Conversation" Data="21" />
  <NPC NPC="376" Type="Shop" Icon="Elixir" Data="21" />
  <NPC NPC="377" Type="Shop" Icon="Elixir" Data="20" />
  <NPC NPC="379" Type="Shop" Icon="Elixir" Data="6" />
  <!-- Priest Devin -->
  <NPC NPC="406" Type="Quest" Icon="Conversation" Data="0" />
  <NPC NPC="414" Type="Shop" Icon="Elixir" Data="3" />
  <NPC NPC="416" Type="Shop" Icon="Elixir" Data="10" />
  <NPC NPC="417" Type="Shop" Icon="Elixir" Data="14" />
  <NPC NPC="415" Type="Shop" Icon="Elixir" Data="19" />
  <!-- BlossomGovernor -->
  <NPC NPC="450" Type="Window" Icon="Conversation" Data="22" />
  <!-- SokcetMaster -->
  <NPC NPC="452" Type="Window" Icon="Conversation" Data="23" />
  <!-- SokcetResearcher -->
  <NPC NPC="453" Type="Window" Icon="Conversation" Data="24" />
  <!-- LuckyCoins Dealer -->
  <NPC NPC="478" Type="Window" Icon="Conversation" Data="32" />
  <!-- GateKeeper Titus -->
  <NPC NPC="479" Type="Window" Icon="Conversation" Data="33" />
  <NPC NPC="492" Type="Shop" Icon="Elixir" Data="16" />
  <!-- Jerry The Adviseru -->
  <NPC NPC="522" Type="Window" Icon="Conversation" Data="36" />
  <!-- Sartigan the Angel -->
  <NPC NPC="540" Type="Window" Icon="Conversation" Data="35" />
  <!-- NPC Gens Duprian Steward -->
  <NPC NPC="543" Type="Gens" Icon="Conversation" Data="0" />
  <!-- Gens Vanert Steward -->
  <NPC NPC="544" Type="Gens" Icon="Conversation" Data="0" />
  <!-- NPC Jeweller Raul -->
  <NPC NPC="546" Type="Window" Icon="Conversation" Data="9" />
  <!-- NPC Market Union Member Julia -->
  <NPC NPC="547" Type="Window" Icon="Conversation" Data="37" />
  <!-- NPC Captain Slough -->
  <NPC NPC="580" Type="Window" Icon="Conversation" Data="39" />
  <!-- NPC  -->
  <NPC NPC="581" Type="Talk" Icon="Conversation" Data="0" />
  <!-- NPC Adniel -->
  <NPC NPC="582" Type="Window" Icon="Conversation" Data="41" />
  <!-- NPC Jin -->
  <NPC NPC="583" Type="Shop" Icon="Elixir" Data="24" />
  <!-- NPC Sir Lesnar -->
  <NPC NPC="584" Type="Window" Icon="Conversation" Data="40" />
  <!-- NPC Private Store Bulletin Board -->
  <NPC NPC="651" Type="Window" Icon="Conversation" Data="48" />
</NPCs>