<?xml version="1.0"?>
<Pentagrama xmlns:xsi="http://www.w3.org/2001/XMLSchema-instance" xmlns:xsd="http://www.w3.org/2001/XMLSchema">
  
  <!-- Item Configuration -->
  <Item Number="6344" Grade="Common" Option="0" />
  <Item Number="6345" Grade="Common" Option="0" />
  <Item Number="6346" Grade="Common" Option="0" />
  <Item Number="6347" Grade="Common" Option="2" />
  <Item Number="6348" Grade="Common" Option="0" />
  <Item Number="6349" Grade="Common" Option="3" />
  <Item Number="6350" Grade="Common" Option="0" />
  <Item Number="6351" Grade="Common" Option="1" />
  <Item Number="6352" Grade="Unique" Option="4,3" />
  <Item Number="6353" Grade="Unique" Option="5,3" />
  <Item Number="6354" Grade="Unique" Option="4,6" />
  <Item Number="6355" Grade="Unique" Option="5,6" />
  <Item Number="6356" Grade="Rare" Option="7,3" />
  <Item Number="6357" Grade="Rare" Option="7,4" />
  <Item Number="6358" Grade="Rare" Option="7,5" />
  
  <!-- Option Configuration -->
  <Option Number="1" Name="Pentagram Damage Increase +10%%">
    <Errtel Type="0" Rank="2" Level="3" />
  </Option>
  <Option Number="2" Name="Pentagram Defense Increase +10%%">
    <Errtel Type="0" Rank="2" Level="3" />
  </Option>
  <Option Number="3" Name="Elemental Critical Damage Rate Increase +10%%">
    <Errtel Type="0" Rank="2" Level="3" />
  </Option>
  <Option Number="4" Name="Transfer Defense to elemental defense +5%%">
    <Errtel Type="0" Rank="3" Level="5" />
    <Errtel Type="1" Rank="3" Level="5" />
  </Option>
  <Option Number="5" Name="Additional Elemental Damage +1%%">
    <Errtel Type="0" Rank="3" Level="5" />
    <Errtel Type="1" Rank="3" Level="5" />
  </Option>
  <Option Number="6" Name="Strong Element Resistance Increase +5%%">
    <Errtel Type="1" Rank="3" Level="6" />
    <Errtel Type="2" Rank="3" Level="6" />
  </Option>
  <Option Number="7" Name="Elemental Attack Resistance Increase +5%%">
    <Errtel Type="1" Rank="3" Level="6" />
    <Errtel Type="2" Rank="3" Level="6" />
    <Errtel Type="3" Rank="3" Level="6" />
  </Option>
  
  <!-- Sockets Configuration -->
  <Socket Count="5" OpenRate="0">
    <Rate Set="0" Slot1="0" Slot2="0" Slot3="0" Slot4="0" Slot5="0" />
  </Socket>
  <Socket Count="4" OpenRate="60">
    <Rate Set="100" Slot1="100" Slot2="100" Slot3="100" Slot4="100" Slot5="0" />
  </Socket>
  <Socket Count="3" OpenRate="200">
    <Rate Set="50" Slot1="100" Slot2="100" Slot3="60" Slot4="40" Slot5="0" />
    <Rate Set="30" Slot1="100" Slot2="60" Slot3="100" Slot4="40" Slot5="0" />
    <Rate Set="20" Slot1="100" Slot2="60" Slot3="40" Slot4="100" Slot5="0" />
    <Rate Set="0" Slot1="0" Slot2="0" Slot3="0" Slot4="0" Slot5="0" />
  </Socket>
  <Socket Count="2" OpenRate="1000">
    <Rate Set="100" Slot1="100" Slot2="40" Slot3="30" Slot4="30" Slot5="0" />
  </Socket>
  <Socket Count="1" OpenRate="8940">
    <Rate Set="100" Slot1="100" Slot2="0" Slot3="0" Slot4="0" Slot5="0" />
  </Socket>
  <Monster Number="586" Rate="60">
    <!-- Mithril Fragment -->
    <Item Number="6288" Rate="10" />
    <!-- Elixir Fragment -->
    <Item Number="6290" Rate="10" />
    <!-- Jewel Combination Frame -->
    <Item Number="6294" Rate="10" />
    <!-- Muren's Book of Magic -->
    <Item Number="6344" Rate="10" />
    <!-- Scroll of Etramu -->
    <Item Number="6345" Rate="10" />
  </Monster>
  <Monster Number="587" Rate="60">
    <!-- Mithril Fragment -->
    <Item Number="6288" Rate="10" />
    <!-- Elixir Fragment -->
    <Item Number="6290" Rate="10" />
    <!-- Jewel Combination Frame -->
    <Item Number="6294" Rate="10" />
    <!-- Muren's Book of Magic -->
    <Item Number="6344" Rate="10" />
    <!-- Scroll of Etramu -->
    <Item Number="6345" Rate="10" />
  </Monster>
  <Monster Number="588" Rate="60">
    <!-- Mithril Fragment -->
    <Item Number="6288" Rate="10" />
    <!-- Elixir Fragment -->
    <Item Number="6290" Rate="10" />
    <!-- Jewel Combination Frame -->
    <Item Number="6294" Rate="10" />
    <!-- Muren's Book of Magic -->
    <Item Number="6344" Rate="10" />
    <!-- Scroll of Etramu -->
    <Item Number="6345" Rate="10" />
  </Monster>
  <Monster Number="589" Rate="60">
    <!-- Mithril Fragment -->
    <Item Number="6288" Rate="10" />
    <!-- Elixir Fragment -->
    <Item Number="6290" Rate="10" />
    <!-- Jewel Combination Frame -->
    <Item Number="6294" Rate="10" />
    <!-- Muren's Book of Magic -->
    <Item Number="6344" Rate="10" />
    <!-- Scroll of Etramu -->
    <Item Number="6345" Rate="10" />
  </Monster>
  <Monster Number="590" Rate="60">
    <!-- Mithril Fragment -->
    <Item Number="6288" Rate="10" />
    <!-- Elixir Fragment -->
    <Item Number="6290" Rate="10" />
    <!-- Jewel Combination Frame -->
    <Item Number="6294" Rate="10" />
    <!-- Muren's Book of Magic -->
    <Item Number="6344" Rate="10" />
    <!-- Scroll of Etramu -->
    <Item Number="6345" Rate="10" />
  </Monster>
  <Monster Number="591" Rate="60">
    <!-- Mithril Fragment -->
    <Item Number="6288" Rate="10" />
    <!-- Elixir Fragment -->
    <Item Number="6290" Rate="10" />
    <!-- Jewel Combination Frame -->
    <Item Number="6294" Rate="10" />
    <!-- Muren's Book of Magic -->
    <Item Number="6344" Rate="10" />
    <!-- Scroll of Etramu -->
    <Item Number="6345" Rate="10" />
  </Monster>
  <Monster Number="592" Rate="60">
    <!-- Mithril Fragment -->
    <Item Number="6288" Rate="10" />
    <!-- Elixir Fragment -->
    <Item Number="6290" Rate="10" />
    <!-- Jewel Combination Frame -->
    <Item Number="6294" Rate="10" />
    <!-- Muren's Book of Magic -->
    <Item Number="6344" Rate="10" />
    <!-- Scroll of Etramu -->
    <Item Number="6345" Rate="10" />
  </Monster>
  <Monster Number="593" Rate="60">
    <!-- Mithril Fragment -->
    <Item Number="6288" Rate="10" />
    <!-- Elixir Fragment -->
    <Item Number="6290" Rate="10" />
    <!-- Jewel Combination Frame -->
    <Item Number="6294" Rate="10" />
    <!-- Muren's Book of Magic -->
    <Item Number="6344" Rate="10" />
    <!-- Scroll of Etramu -->
    <Item Number="6345" Rate="10" />
  </Monster>
  <Monster Number="594" Rate="60">
    <!-- Mithril Fragment -->
    <Item Number="6288" Rate="10" />
    <!-- Elixir Fragment -->
    <Item Number="6290" Rate="10" />
    <!-- Jewel Combination Frame -->
    <Item Number="6294" Rate="10" />
    <!-- Muren's Book of Magic -->
    <Item Number="6344" Rate="10" />
    <!-- Scroll of Etramu -->
    <Item Number="6345" Rate="10" />
  </Monster>
  <Monster Number="595" Rate="60">
    <!-- Mithril Fragment -->
    <Item Number="6288" Rate="10" />
    <!-- Elixir Fragment -->
    <Item Number="6290" Rate="10" />
    <!-- Jewel Combination Frame -->
    <Item Number="6294" Rate="10" />
    <!-- Muren's Book of Magic -->
    <Item Number="6344" Rate="10" />
    <!-- Scroll of Etramu -->
    <Item Number="6345" Rate="10" />
  </Monster>
  <Monster Number="596" Rate="60">
    <!-- Mithril Fragment -->
    <Item Number="6288" Rate="10" />
    <!-- Elixir Fragment -->
    <Item Number="6290" Rate="10" />
    <!-- Jewel Combination Frame -->
    <Item Number="6294" Rate="10" />
    <!-- Muren's Book of Magic -->
    <Item Number="6344" Rate="10" />
    <!-- Scroll of Etramu -->
    <Item Number="6345" Rate="10" />
  </Monster>
  <Monster Number="25" Rate="60">
    <!-- Muren's Book of Magic -->
    <Item Number="6344" Rate="10" />
    <!-- Scroll of Etramu -->
    <Item Number="6345" Rate="10" />
  </Monster>
  <Monster Number="18" Rate="60">
    <!-- Muren's Book of Magic -->
    <Item Number="6344" Rate="10" />
    <!-- Scroll of Etramu -->
    <Item Number="6345" Rate="10" />
  </Monster>
  <Monster Number="38" Rate="60">
    <!-- Muren's Book of Magic -->
    <Item Number="6344" Rate="10" />
    <!-- Scroll of Etramu -->
    <Item Number="6345" Rate="10" />
  </Monster>
  <Monster Number="49" Rate="60">
    <!-- Muren's Book of Magic -->
    <Item Number="6344" Rate="10" />
    <!-- Scroll of Etramu -->
    <Item Number="6345" Rate="10" />
  </Monster>
  <Monster Number="77" Rate="60">
    <!-- Muren's Book of Magic -->
    <Item Number="6344" Rate="10" />
    <!-- Scroll of Etramu -->
    <Item Number="6345" Rate="10" />
  </Monster>
</Pentagrama>