<Quests>
    <!-- Shadow Phantom -->
    <QuestList Index="257">
        <QuestInfo Episode="1" Name="Warrior! Welcome." ReqEpisode="0" MinLevel="0" MaxLevel="400">
          <QuestState State="0" Select1="1" />
          <QuestState State="1" Select1="2" Select2="3" />
          <QuestState State="2" Type="Tutorial" Class="FaryElf" Select1="5" />
          <QuestState State="2" Type="Tutorial" Class="DarkKnight" Select1="91" />
          <QuestState State="2" Type="Tutorial" Class="DarkWizard" Select1="91" />
          <QuestState State="2" Type="Tutorial" Class="Summoner" Select1="92" />
          <QuestState State="3" Select1="4" Select2="2" />
          <QuestState State="4" RewardEXP="5000" RewardZEN="3000" Select1="65535">
            <RewardItem Type="13" Index="20" Level="1"/>
            <RewardItem Type="13" Index="20" Level="2"/>
          </QuestState>
          <QuestState State="5" Select1="6" Select2="9" />
          <QuestState State="6" Select1="7" />
          <QuestState State="7" Select1="8" />
          <QuestState State="8" Select1="9" />
          <QuestState State="9" Type="Tutorial" RewardEXP="50" Select1="10" />
          <QuestState State="10" Select1="11" Select2="15" />
          <QuestState State="11" Select1="12" Select2="13" Select3="14" />
          <QuestState State="12" Select1="13" Select2="14" Select3="15" />
          <QuestState State="13" Select1="12" Select2="14" Select3="15" />
          <QuestState State="14" Select1="12" Select2="13" Select3="15" />
          <QuestState State="15" Type="Tutorial" RewardEXP="50" RewardZEN="500" Select1="16" />
          <QuestState State="16" Select1="17" />
          <QuestState State="17" Select1="20" Select2="18" />
          <QuestState State="18" Select1="19" />
          <QuestState State="19" Select1="17" />
          <QuestState State="20" Type="Item" RewardEXP="100" RewardZEN="1000" RewardGENS="11" Select1="21" >
            <Item Type="14" Index="0" Level="0" Skill="0" Option="0" Excellent="0" Count="5"/>
          </QuestState>
          <QuestState State="21" Select1="22" />
          <QuestState State="22" Class="FaryElf" Select1="23" Select2="21" />
          <QuestState State="22" Class="DarkKnight" Select1="24" Select2="21" />
          <QuestState State="22" Class="DarkWizard" Select1="24" Select2="21" />
          <QuestState State="22" Class="Summoner" Select1="25" Select2="21" />
          <QuestState State="23" Type="Monster" RewardEXP="250" RewardZEN="1000" Select1="26">
            <Monster Index="27" Count="3" />
          </QuestState>
          <QuestState State="24" Type="Monster" RewardEXP="250" RewardZEN="1000" Select1="26">
            <Monster Index="2" Count="3" />
          </QuestState>
          <QuestState State="25" Type="Monster" RewardEXP="250" RewardZEN="1000" Select1="26">
            <Monster Index="418" Count="3" />
          </QuestState>
          <QuestState State="26" Select1="27" Select2="32" />
          <QuestState State="27" Select1="28" Select2="32" />
          <QuestState State="28" Select1="29" />
          <QuestState State="29" Type="Item" RewardEXP="200" RewardZEN="3000" Select1="30" >
            <Item Type="14" Index="10" Level="0" Skill="0" Option="0" Excellent="0" Count="1"/>
          </QuestState>
          <QuestState State="30" Select1="31" />
          <QuestState State="31" RewardEXP="100" Select1="32" >
            <Buff Type="3" />
          </QuestState>
          <QuestState State="32" Class="FaryElf" Select1="33" />
          <QuestState State="32" Class="DarkKnight" Select1="34" />
          <QuestState State="32" Class="DarkWizard" Select1="34" />
          <QuestState State="32" Class="Summoner" Select1="35" />
          <QuestState State="33" Type="Monster" RewardEXP="5000" RewardZEN="3000" Select1="36">
            <Monster Index="28" Count="30" />
          </QuestState>
          <QuestState State="34" Type="Monster" RewardEXP="5000" RewardZEN="3000" Select1="36">
            <Monster Index="1" Count="30" />
          </QuestState>
          <QuestState State="35" Type="Monster" RewardEXP="5000" RewardZEN="3000" Select1="36">
            <Monster Index="421" Count="30" />
          </QuestState>
          <QuestState State="36" Class="FaryElf" Select1="39" Select2="60" />
          <QuestState State="36" Class="DarkKnight" Select1="49" Select2="60" />
          <QuestState State="36" Class="DarkWizard" Select1="54" Select2="60" />
          <QuestState State="36" Class="Summoner" Select1="69" Select2="60" />
          <QuestState State="39" Select1="40" Select2="41" Select3="48" />
          <QuestState State="44" Select1="46" />
          <QuestState State="45" Select1="47" />
          <QuestState State="46" Select1="48" />
          <QuestState State="47" Select1="48" />
          <QuestState State="48" Select1="60" />
          <QuestState State="51" Select1="52" />
          <QuestState State="52" Select1="53" />
          <QuestState State="53" Select1="60" />
          <QuestState State="56" Select1="57" />
          <QuestState State="57" Class="DarkWizard" Select1="58" />
          <QuestState State="57" Class="Summoner" Select1="59" />
          <QuestState State="58" Select1="60" />
          <QuestState State="59" Select1="60" />
          <QuestState State="60" Select1="61" Select2="62" />
          <QuestState State="61" Select1="62" />
          <QuestState State="62" Select1="63">
            <Character Level="25" />
          </QuestState>
          <QuestState State="63" Select1="64" />
          <QuestState State="64" Select1="65" Select2="66" />
          <QuestState State="65" Select1="66" Select2="84" />
          <QuestState State="66" Select1="67" Select2="68" Select3="68" />
          <QuestState State="67" RewardEXP="5000" RewardZEN="3000" Select1="70" />
          <QuestState State="68" Select1="69" />
          <QuestState State="69" Select1="70" />
          <QuestState State="70" Select1="72" Select2="71" Select3="72" />
          <QuestState State="71" RewardEXP="5000" RewardZEN="3000" Select1="73" />
          <QuestState State="72" Select1="73" />
          <QuestState State="73" Select1="75" Select2="75" Select3="74" />
          <QuestState State="74" RewardEXP="5000" RewardZEN="3000" Select1="76" />
          <QuestState State="75" Select1="76" />
          <QuestState State="76" Select1="78" Select2="77" Select3="78" />
          <QuestState State="77" RewardEXP="5000" RewardZEN="3000" Select1="79" />
          <QuestState State="78" Select1="79" />
          <QuestState State="79" Select1="81" Select2="80" Select3="81" />
          <QuestState State="80" RewardEXP="5000" RewardZEN="3000" Select1="82" />
          <QuestState State="81" Select1="82" />
          <QuestState State="82" Select1="83" Select2="84" Select3="84" />
          <QuestState State="83" RewardEXP="5000" RewardZEN="3000" Select1="85" />
          <QuestState State="84" Select1="85" />
          <QuestState State="85" Select1="86" Select2="90" />
          <QuestState State="86" Select1="87" />
          <QuestState State="87" Select1="88" />
          <QuestState State="88" Select1="89" />
          <QuestState State="89" Select1="90" />
          <QuestState State="90" RewardEXP="5000" RewardZEN="3000" Select1="65535" >
            <RewardItem Type="13" Index="20" Level="1"/>
            <RewardItem Type="13" Index="20" Level="2"/>
          </QuestState>
          <QuestState State="91" Select1="6" Select2="9" />
          <QuestState State="92" Select1="6" Select2="9" />
        </QuestInfo>
      <QuestInfo Episode="2" Name="Chaos Castle Challenge" ReqEpisode="0" MinLevel="0" MaxLevel="400">
        <QuestState State="0" Select1="1" Select2="2" />
        <QuestState State="1" Select1="9" />
        <QuestState State="2" Select1="3" />
        <QuestState State="3" Select1="4" />
        <QuestState State="4" Select1="5" />
        <QuestState State="5" Select1="6" />
        <QuestState State="6" Select1="7" />
        <QuestState State="7" Select1="8" />
        <QuestState State="8" type="Tutorial" Select1="10" Select2="9" />
        <QuestState State="9" Select1="11" Select2="10" />
        <QuestState State="10" Select1="9">
            <RewardItem Type="13" Index="29" />
        </QuestState>
        <QuestState State="11" Type="Monster" RewardEXP="5000" RewardZEN="3000" Select1="12" >
            <Monster Index="12" Count="30" />
            <RewardItem Type="14" Index="1" Count="30" />
          </QuestState>
        <QuestState State="12" Select1="14" Select2="13" />
        <QuestState State="13" Select1="12" />
        <QuestState State="14" RewardEXP="5000" RewardZEN="3000" Select1="15" />
        <QuestState State="15" Select1="17" Select2="16" />
        <QuestState State="16" Select1="15" />
        <QuestState State="17" RewardEXP="5000" RewardZEN="3000" Select1="18" />
        <QuestState State="18" Select1="20" Select2="19" />
        <QuestState State="19" Select1="27" />
        <QuestState State="20" Select1="21" />
        <QuestState State="21" Select1="22" />
        <QuestState State="22" Select1="23" />
        <QuestState State="23" Select1="24" />
        <QuestState State="24" Select1="25" />
        <QuestState State="25" Select1="26" />
        <QuestState State="27" Select1="29" Select2="28" />
        <QuestState State="28" Select1="27" />
        <QuestState State="29" RewardEXP="5000" RewardZEN="3000" Select1="30" />
        <QuestState State="30" Select1="32" Select2="31" />
        <QuestState State="31" Select1="30" />
        <QuestState State="32" RewardEXP="5000" RewardZEN="3000" Select1="33" />
        <QuestState State="33" Select1="35" Select2="34" />
        <QuestState State="34" Select1="33" />
        <QuestState State="35" RewardEXP="5000" RewardZEN="3000" Select1="36" />
        <QuestState State="36" Select1="37" />
        <QuestState State="37" Select1="39" Select2="38" />
        <QuestState State="38" Select1="37" />
        <QuestState State="39" RewardEXP="5000" RewardZEN="3000" Select1="40" />
        <QuestState State="40" Select1="42" Select2="41" />
        <QuestState State="42" RewardEXP="5000" RewardZEN="3000" Select1="43" />
        <QuestState State="43" Select1="45" Select2="44" />
        <QuestState State="45" RewardEXP="5000" RewardZEN="3000" Select1="46" />
        <QuestState State="46" Select1="48" Select2="47" />
        <QuestState State="48" RewardEXP="5000" RewardZEN="3000" Select1="49" />
        <QuestState State="49" Select1="51" Select2="50" />
        <QuestState State="51" RewardEXP="5000" RewardZEN="3000" Select1="52" />
        <QuestState State="52" Select1="54" Select2="53" />
        <QuestState State="54" RewardEXP="5000" RewardZEN="3000" Select1="55" />
        <QuestState State="55" Select1="57" Select2="56" />
        <QuestState State="57" RewardEXP="5000" RewardZEN="3000" Select1="58" />
        <QuestState State="58" Select1="60" Select2="59" />
        <QuestState State="60" RewardEXP="5000" RewardZEN="3000" Select1="61" />
        <QuestState State="61" Select1="63" Select2="62" />
        <QuestState State="63" RewardEXP="5000" RewardZEN="3000" Select1="64" />
        <QuestState State="64" Select1="66" Select2="65" />
        <QuestState State="66" RewardEXP="5000" RewardZEN="3000" Select1="67" />
        <QuestState State="67" Select1="69" Select2="68" />
        <QuestState State="69" RewardEXP="5000" RewardZEN="3000" Select1="70" />
        <QuestState State="70" Select1="72" Select2="71" />
        <QuestState State="72" RewardEXP="5000" RewardZEN="3000" Select1="73" />
        <QuestState State="73" Select1="75" Select2="74" />
        <QuestState State="75" RewardEXP="5000" RewardZEN="3000" Select1="76" />
        <QuestState State="76" Select1="78" Select2="77" />
        <QuestState State="78" RewardEXP="5000" RewardZEN="3000" Select1="79" />
        <QuestState State="79" Select1="81" Select2="80" />
        <QuestState State="61" RewardEXP="5000" RewardZEN="3000" Select1="65535">
            <RewardItem Type="13" Index="20" Level="1"/>
            <RewardItem Type="13" Index="20" Level="2"/>
        </QuestState>
      </QuestInfo>
    </QuestList>
</Quests>

