<?xml version="1.0"?>
<Warp xmlns:xsi="http://www.w3.org/2001/XMLSchema-instance" xmlns:xsd="http://www.w3.org/2001/XMLSchema">
  <Gate Number="1" GateType="1" Map="Lorencia" X1="121" Y1="232" X2="123" Y2="233" Target="2" Move="-1" Name="" Dir="0" ReqLevel="20" ReqZen="0" />
  <Gate Number="2" GateType="2" Map="Dugeon" X1="107" Y1="247" X2="110" Y2="247" Target="0" Move="11" Name="Dungeon" Dir="1" ReqLevel="20" ReqZen="3000" />
  <Gate Number="3" GateType="1" Map="Dugeon" X1="108" Y1="248" X2="109" Y2="248" Target="4" Move="-1" Name="" Dir="0" ReqLevel="0" ReqZen="0" />
  <Gate Number="4" GateType="2" Map="Lorencia" X1="121" Y1="231" X2="123" Y2="231" Target="0" Move="-1" Name="" Dir="1" ReqLevel="0" ReqZen="0" />
  <Gate Number="5" GateType="1" Map="Dugeon" X1="239" Y1="149" X2="239" Y2="150" Target="6" Move="-1" Name="" Dir="0" ReqLevel="20" ReqZen="0" />
  <Gate Number="6" GateType="2" Map="Dugeon" X1="231" Y1="126" X2="234" Y2="127" Target="0" Move="12" Name="Dungeon2" Dir="1" ReqLevel="20" ReqZen="3500" />
  <Gate Number="7" GateType="1" Map="Dugeon" X1="232" Y1="127" X2="233" Y2="128" Target="8" Move="-1" Name="" Dir="0" ReqLevel="20" ReqZen="0" />
  <Gate Number="8" GateType="2" Map="Dugeon" X1="240" Y1="148" X2="241" Y2="151" Target="0" Move="-1" Name="" Dir="3" ReqLevel="20" ReqZen="0" />
  <Gate Number="9" GateType="1" Map="Dugeon" X1="2" Y1="17" X2="2" Y2="18" Target="10" Move="-1" Name="" Dir="0" ReqLevel="20" ReqZen="0" />
  <Gate Number="10" GateType="2" Map="Dugeon" X1="3" Y1="83" X2="4" Y2="86" Target="0" Move="13" Name="Dungeon3" Dir="3" ReqLevel="20" ReqZen="4000" />
  <Gate Number="11" GateType="1" Map="Dugeon" X1="2" Y1="84" X2="2" Y2="85" Target="12" Move="-1" Name="" Dir="0" ReqLevel="20" ReqZen="0" />
  <Gate Number="12" GateType="2" Map="Dugeon" X1="3" Y1="16" X2="6" Y2="17" Target="0" Move="-1" Name="" Dir="3" ReqLevel="20" ReqZen="0" />
  <Gate Number="13" GateType="1" Map="Dugeon" X1="5" Y1="34" X2="6" Y2="34" Target="14" Move="-1" Name="" Dir="0" ReqLevel="20" ReqZen="0" />
  <Gate Number="14" GateType="2" Map="Dugeon" X1="29" Y1="125" X2="30" Y2="126" Target="0" Move="-1" Name="" Dir="1" ReqLevel="20" ReqZen="0" />
  <Gate Number="15" GateType="1" Map="Dugeon" X1="29" Y1="127" X2="30" Y2="127" Target="16" Move="-1" Name="" Dir="0" ReqLevel="20" ReqZen="0" />
  <Gate Number="16" GateType="2" Map="Dugeon" X1="5" Y1="32" X2="7" Y2="33" Target="0" Move="-1" Name="" Dir="1" ReqLevel="20" ReqZen="0" />
  <Gate Number="17" GateType="0" Map="Lorencia" X1="133" Y1="118" X2="151" Y2="135" Target="0" Move="2" Name="Lorencia" Dir="0" ReqLevel="0" ReqZen="2000" />
  <Gate Number="18" GateType="1" Map="Lorencia" X1="5" Y1="38" X2="6" Y2="41" Target="19" Move="-1" Name="" Dir="0" ReqLevel="15" ReqZen="0" />
  <Gate Number="19" GateType="2" Map="Davias" X1="242" Y1="34" X2="243" Y2="37" Target="0" Move="-1" Name="" Dir="7" ReqLevel="15" ReqZen="0" />
  <Gate Number="20" GateType="1" Map="Davias" X1="244" Y1="34" X2="245" Y2="37" Target="21" Move="-1" Name="" Dir="0" ReqLevel="0" ReqZen="0" />
  <Gate Number="21" GateType="2" Map="Lorencia" X1="7" Y1="38" X2="8" Y2="41" Target="0" Move="-1" Name="" Dir="3" ReqLevel="0" ReqZen="0" />
  <Gate Number="22" GateType="0" Map="Davias" X1="197" Y1="35" X2="218" Y2="50" Target="0" Move="7" Name="Devias" Dir="0" ReqLevel="15" ReqZen="2000" />
  <Gate Number="23" GateType="1" Map="Lorencia" X1="213" Y1="246" X2="217" Y2="247" Target="24" Move="-1" Name="" Dir="0" ReqLevel="10" ReqZen="0" />
  <Gate Number="24" GateType="2" Map="Noria" X1="148" Y1="5" X2="155" Y2="6" Target="0" Move="-1" Name="" Dir="5" ReqLevel="10" ReqZen="0" />
  <Gate Number="25" GateType="1" Map="Noria" X1="148" Y1="3" X2="155" Y2="4" Target="26" Move="-1" Name="" Dir="0" ReqLevel="10" ReqZen="0" />
  <Gate Number="26" GateType="2" Map="Lorencia" X1="213" Y1="244" X2="217" Y2="245" Target="0" Move="-1" Name="" Dir="1" ReqLevel="10" ReqZen="0" />
  <Gate Number="27" GateType="0" Map="Noria" X1="171" Y1="108" X2="177" Y2="117" Target="0" Move="3" Name="Noria" Dir="0" ReqLevel="0" ReqZen="2000" />
  <Gate Number="28" GateType="1" Map="Davias" X1="2" Y1="248" X2="3" Y2="249" Target="29" Move="-1" Name="" Dir="0" ReqLevel="40" ReqZen="0" />
  <Gate Number="29" GateType="2" Map="LostTower" X1="162" Y1="2" X2="166" Y2="3" Target="0" Move="-1" Name="" Dir="5" ReqLevel="40" ReqZen="0" />
  <Gate Number="30" GateType="1" Map="LostTower" X1="190" Y1="6" X2="191" Y2="8" Target="31" Move="-1" Name="" Dir="0" ReqLevel="40" ReqZen="0" />
  <Gate Number="31" GateType="2" Map="LostTower" X1="241" Y1="237" X2="244" Y2="238" Target="0" Move="18" Name="LostTower2" Dir="1" ReqLevel="40" ReqZen="5500" />
  <Gate Number="32" GateType="1" Map="LostTower" X1="166" Y1="163" X2="167" Y2="166" Target="33" Move="-1" Name="" Dir="0" ReqLevel="40" ReqZen="0" />
  <Gate Number="33" GateType="2" Map="LostTower" X1="86" Y1="166" X2="87" Y2="168" Target="0" Move="19" Name="LostTower3" Dir="3" ReqLevel="40" ReqZen="6000" />
  <Gate Number="34" GateType="1" Map="LostTower" X1="132" Y1="245" X2="135" Y2="246" Target="35" Move="-1" Name="" Dir="0" ReqLevel="50" ReqZen="0" />
  <Gate Number="35" GateType="2" Map="LostTower" X1="87" Y1="86" X2="88" Y2="89" Target="0" Move="20" Name="LostTower4" Dir="3" ReqLevel="50" ReqZen="6500" />
  <Gate Number="36" GateType="1" Map="LostTower" X1="132" Y1="135" X2="135" Y2="136" Target="37" Move="-1" Name="" Dir="0" ReqLevel="50" ReqZen="0" />
  <Gate Number="37" GateType="2" Map="LostTower" X1="128" Y1="53" X2="131" Y2="54" Target="0" Move="21" Name="LostTower5" Dir="1" ReqLevel="50" ReqZen="7000" />
  <Gate Number="38" GateType="1" Map="LostTower" X1="131" Y1="15" X2="132" Y2="18" Target="39" Move="-1" Name="" Dir="0" ReqLevel="50" ReqZen="0" />
  <Gate Number="39" GateType="2" Map="LostTower" X1="52" Y1="53" X2="55" Y2="54" Target="0" Move="22" Name="LostTower6" Dir="1" ReqLevel="50" ReqZen="7500" />
  <Gate Number="40" GateType="1" Map="LostTower" X1="6" Y1="5" X2="7" Y2="8" Target="41" Move="-1" Name="" Dir="0" ReqLevel="50" ReqZen="0" />
  <Gate Number="41" GateType="2" Map="LostTower" X1="8" Y1="85" X2="9" Y2="87" Target="0" Move="23" Name="LostTower7" Dir="1" ReqLevel="50" ReqZen="8000" />
  <Gate Number="42" GateType="0" Map="LostTower" X1="203" Y1="70" X2="213" Y2="81" Target="0" Move="17" Name="LostTower" Dir="0" ReqLevel="40" ReqZen="5000" />
  <Gate Number="43" GateType="1" Map="LostTower" X1="162" Y1="0" X2="166" Y2="1" Target="44" Move="-1" Name="" Dir="0" ReqLevel="15" ReqZen="0" />
  <Gate Number="44" GateType="2" Map="Davias" X1="2" Y1="246" X2="3" Y2="247" Target="0" Move="-1" Name="" Dir="2" ReqLevel="15" ReqZen="0" />
  <Gate Number="45" GateType="1" Map="Noria" X1="242" Y1="240" X2="245" Y2="243" Target="46" Move="-1" Name="" Dir="0" ReqLevel="60" ReqZen="0" />
  <Gate Number="46" GateType="2" Map="Atlans" X1="14" Y1="12" X2="15" Y2="13" Target="0" Move="-1" Name="" Dir="3" ReqLevel="60" ReqZen="0" />
  <Gate Number="47" GateType="1" Map="Atlans" X1="9" Y1="9" X2="11" Y2="12" Target="48" Move="-1" Name="" Dir="0" ReqLevel="60" ReqZen="0" />
  <Gate Number="48" GateType="2" Map="Noria" X1="240" Y1="240" X2="241" Y2="243" Target="0" Move="-1" Name="" Dir="7" ReqLevel="60" ReqZen="0" />
  <Gate Number="49" GateType="0" Map="Atlans" X1="15" Y1="11" X2="27" Y2="23" Target="0" Move="14" Name="Atlans" Dir="0" ReqLevel="60" ReqZen="4000" />
  <Gate Number="50" GateType="0" Map="Stadium" X1="62" Y1="135" X2="62" Y2="135" Target="0" Move="43" Name="Arena" Dir="0" ReqLevel="0" ReqZen="2000" />
  <Gate Number="51" GateType="0" Map="Stadium" X1="59" Y1="153" X2="59" Y2="153" Target="0" Move="-1" Name="" Dir="0" ReqLevel="0" ReqZen="0" />
  <Gate Number="52" GateType="0" Map="Stadium" X1="59" Y1="164" X2="59" Y2="165" Target="0" Move="-1" Name="" Dir="0" ReqLevel="0" ReqZen="0" />
  <Gate Number="53" GateType="1" Map="Atlans" X1="14" Y1="225" X2="15" Y2="230" Target="54" Move="-1" Name="" Dir="0" ReqLevel="130" ReqZen="0" />
  <Gate Number="54" GateType="2" Map="Tarkan" X1="248" Y1="40" X2="251" Y2="44" Target="0" Move="-1" Name="" Dir="7" ReqLevel="0" ReqZen="0" />
  <Gate Number="55" GateType="1" Map="Tarkan" X1="246" Y1="40" X2="247" Y2="44" Target="56" Move="-1" Name="" Dir="0" ReqLevel="130" ReqZen="0" />
  <Gate Number="56" GateType="2" Map="Atlans" X1="16" Y1="225" X2="17" Y2="230" Target="0" Move="-1" Name="" Dir="3" ReqLevel="0" ReqZen="0" />
  <Gate Number="57" GateType="0" Map="Tarkan" X1="187" Y1="58" X2="187" Y2="58" Target="0" Move="25" Name="Tarkan" Dir="0" ReqLevel="100" ReqZen="8000" />
  <Gate Number="58" GateType="0" Map="DevilSquare" X1="133" Y1="91" X2="141" Y2="99" Target="0" Move="-1" Name="" Dir="0" ReqLevel="10" ReqZen="0" />
  <Gate Number="59" GateType="0" Map="DevilSquare" X1="135" Y1="162" X2="142" Y2="170" Target="0" Move="-1" Name="" Dir="0" ReqLevel="10" ReqZen="0" />
  <Gate Number="60" GateType="0" Map="DevilSquare" X1="62" Y1="150" X2="70" Y2="158" Target="0" Move="-1" Name="" Dir="0" ReqLevel="10" ReqZen="0" />
  <Gate Number="61" GateType="0" Map="DevilSquare" X1="66" Y1="84" X2="74" Y2="92" Target="0" Move="-1" Name="" Dir="0" ReqLevel="10" ReqZen="0" />
  <Gate Number="62" GateType="1" Map="LostTower" X1="17" Y1="250" X2="19" Y2="250" Target="63" Move="-1" Name="" Dir="0" ReqLevel="160" ReqZen="0" />
  <Gate Number="63" GateType="2" Map="Icarus" X1="14" Y1="13" X2="16" Y2="13" Target="0" Move="27" Name="Icarus" Dir="5" ReqLevel="160" ReqZen="10000" />
  <Gate Number="64" GateType="1" Map="Icarus" X1="14" Y1="12" X2="16" Y2="12" Target="65" Move="-1" Name="" Dir="0" ReqLevel="50" ReqZen="0" />
  <Gate Number="65" GateType="2" Map="LostTower" X1="17" Y1="249" X2="19" Y2="249" Target="0" Move="-1" Name="" Dir="1" ReqLevel="50" ReqZen="0" />
  <Gate Number="66" GateType="0" Map="BloodCastle1" X1="12" Y1="5" X2="14" Y2="10" Target="0" Move="-1" Name="" Dir="0" ReqLevel="0" ReqZen="0" />
  <Gate Number="67" GateType="0" Map="BloodCastle2" X1="12" Y1="5" X2="14" Y2="10" Target="0" Move="-1" Name="" Dir="0" ReqLevel="0" ReqZen="0" />
  <Gate Number="68" GateType="0" Map="BloodCastle3" X1="12" Y1="5" X2="14" Y2="10" Target="0" Move="-1" Name="" Dir="0" ReqLevel="0" ReqZen="0" />
  <Gate Number="69" GateType="0" Map="BloodCastle4" X1="12" Y1="5" X2="14" Y2="10" Target="0" Move="-1" Name="" Dir="0" ReqLevel="0" ReqZen="0" />
  <Gate Number="70" GateType="0" Map="BloodCastle5" X1="12" Y1="5" X2="14" Y2="10" Target="0" Move="-1" Name="" Dir="0" ReqLevel="0" ReqZen="0" />
  <Gate Number="71" GateType="0" Map="BloodCastle6" X1="12" Y1="5" X2="14" Y2="10" Target="0" Move="-1" Name="" Dir="0" ReqLevel="0" ReqZen="0" />
  <Gate Number="72" GateType="0" Map="Davias" X1="23" Y1="27" X2="27" Y2="24" Target="0" Move="8" Name="Devias2" Dir="0" ReqLevel="15" ReqZen="2500" />
  <Gate Number="73" GateType="0" Map="Davias" X1="224" Y1="231" X2="227" Y2="227" Target="0" Move="9" Name="Devias3" Dir="0" ReqLevel="15" ReqZen="3000" />
  <Gate Number="74" GateType="0" Map="Davias" X1="69" Y1="181" X2="72" Y2="178" Target="0" Move="10" Name="Devias4" Dir="0" ReqLevel="15" ReqZen="3500" />
  <Gate Number="75" GateType="0" Map="Atlans" X1="225" Y1="53" X2="228" Y2="50" Target="0" Move="15" Name="Atlans2" Dir="0" ReqLevel="60" ReqZen="4500" />
  <Gate Number="76" GateType="0" Map="Atlans" X1="62" Y1="163" X2="68" Y2="157" Target="0" Move="16" Name="Atlans3" Dir="0" ReqLevel="60" ReqZen="5000" />
  <Gate Number="77" GateType="0" Map="Tarkan" X1="96" Y1="143" X2="100" Y2="146" Target="0" Move="26" Name="Tarkan2" Dir="0" ReqLevel="130" ReqZen="8500" />
  <Gate Number="80" GateType="0" Map="BloodCastle7" X1="12" Y1="5" X2="14" Y2="10" Target="0" Move="-1" Name="" Dir="0" ReqLevel="0" ReqZen="0" />
  <Gate Number="82" GateType="0" Map="ChaosCastle1" X1="31" Y1="88" X2="36" Y2="95" Target="0" Move="-1" Name="" Dir="0" ReqLevel="0" ReqZen="0" />
  <Gate Number="83" GateType="0" Map="ChaosCastle2" X1="31" Y1="88" X2="36" Y2="95" Target="0" Move="-1" Name="" Dir="0" ReqLevel="0" ReqZen="0" />
  <Gate Number="84" GateType="0" Map="ChaosCastle3" X1="31" Y1="88" X2="36" Y2="95" Target="0" Move="-1" Name="" Dir="0" ReqLevel="0" ReqZen="0" />
  <Gate Number="85" GateType="0" Map="ChaosCastle4" X1="31" Y1="88" X2="36" Y2="95" Target="0" Move="-1" Name="" Dir="0" ReqLevel="0" ReqZen="0" />
  <Gate Number="86" GateType="0" Map="ChaosCastle5" X1="31" Y1="88" X2="36" Y2="95" Target="0" Move="-1" Name="" Dir="0" ReqLevel="0" ReqZen="0" />
  <Gate Number="87" GateType="0" Map="ChaosCastle6" X1="31" Y1="88" X2="36" Y2="95" Target="0" Move="-1" Name="" Dir="0" ReqLevel="0" ReqZen="0" />
  <Gate Number="88" GateType="0" Map="Kalima1" X1="10" Y1="16" X2="17" Y2="22" Target="0" Move="-1" Name="" Dir="0" ReqLevel="0" ReqZen="0" />
  <Gate Number="89" GateType="0" Map="Kalima2" X1="10" Y1="16" X2="17" Y2="22" Target="0" Move="-1" Name="" Dir="0" ReqLevel="0" ReqZen="0" />
  <Gate Number="90" GateType="0" Map="Kalima3" X1="10" Y1="16" X2="17" Y2="22" Target="0" Move="-1" Name="" Dir="0" ReqLevel="0" ReqZen="0" />
  <Gate Number="91" GateType="0" Map="Kalima4" X1="10" Y1="16" X2="17" Y2="22" Target="0" Move="-1" Name="" Dir="0" ReqLevel="0" ReqZen="0" />
  <Gate Number="92" GateType="0" Map="Kalima5" X1="10" Y1="16" X2="17" Y2="22" Target="0" Move="-1" Name="" Dir="0" ReqLevel="0" ReqZen="0" />
  <Gate Number="93" GateType="0" Map="Kalima6" X1="10" Y1="16" X2="17" Y2="22" Target="0" Move="-1" Name="" Dir="0" ReqLevel="0" ReqZen="0" />
  <Gate Number="94" GateType="0" Map="ValleyofLoren" X1="242" Y1="95" X2="242" Y2="95" Target="0" Move="-1" Name="" Dir="0" ReqLevel="0" ReqZen="0" />
  <Gate Number="95" GateType="0" Map="LandofTrial" X1="60" Y1="10" X2="69" Y2="19" Target="0" Move="-1" Name="" Dir="0" ReqLevel="0" ReqZen="0" />
  <Gate Number="96" GateType="1" Map="ValleyofLoren" X1="93" Y1="242" X2="95" Y2="243" Target="103" Move="-1" Name="" Dir="0" ReqLevel="250" ReqZen="0" />
  <Gate Number="97" GateType="2" Map="ValleyofLoren" X1="164" Y1="198" X2="187" Y2="209" Target="0" Move="-1" Name="" Dir="0" ReqLevel="0" ReqZen="0" />
  <Gate Number="98" GateType="1" Map="ValleyofLoren" X1="160" Y1="203" X2="161" Y2="205" Target="99" Move="-1" Name="" Dir="0" ReqLevel="0" ReqZen="0" />
  <Gate Number="99" GateType="2" Map="ValleyofLoren" X1="90" Y1="236" X2="99" Y2="239" Target="0" Move="-1" Name="" Dir="0" ReqLevel="0" ReqZen="0" />
  <Gate Number="102" GateType="1" Map="Lorencia" X1="239" Y1="14" X2="240" Y2="15" Target="103" Move="-1" Name="" Dir="0" ReqLevel="10" ReqZen="0" />
  <Gate Number="100" GateType="0" Map="ValleyofLoren" X1="39" Y1="14" X2="142" Y2="50" Target="0" Move="-1" Name="" Dir="0" ReqLevel="140" ReqZen="0" />
  <Gate Number="101" GateType="0" Map="ValleyofLoren" X1="84" Y1="180" X2="100" Y2="222" Target="0" Move="-1" Name="" Dir="0" ReqLevel="140" ReqZen="0" />
  <Gate Number="103" GateType="0" Map="ValleyofLoren" X1="169" Y1="204" X2="169" Y2="204" Target="0" Move="-1" Name="" Dir="0" ReqLevel="100" ReqZen="0" />
  <Gate Number="105" GateType="0" Map="ValleyofLoren" X1="72" Y1="10" X2="104" Y2="199" Target="0" Move="-1" Name="" Dir="0" ReqLevel="140" ReqZen="0" />
  <Gate Number="104" GateType="0" Map="ValleyofLoren" X1="92" Y1="55" X2="92" Y2="55" Target="0" Move="1" Name="LorenValley" Dir="0" ReqLevel="100" ReqZen="0" />
  <Gate Number="106" GateType="0" Map="ValleyofLoren" X1="92" Y1="55" X2="92" Y2="55" Target="0" Move="40" Name="CastleSiege" Dir="0" ReqLevel="140" ReqZen="20000" />
  <Gate Number="107" GateType="1" Map="ValleyofLoren" X1="28" Y1="40" X2="28" Y2="41" Target="108" Move="-1" Name="" Dir="0" ReqLevel="0" ReqZen="0" />
  <Gate Number="108" GateType="2" Map="Lorencia" X1="235" Y1="13" X2="239" Y2="13" Target="0" Move="-1" Name="" Dir="0" ReqLevel="0" ReqZen="0" />
  <Gate Number="109" GateType="1" Map="LandofTrial" X1="59" Y1="7" X2="63" Y2="8" Target="110" Move="-1" Name="" Dir="0" ReqLevel="0" ReqZen="0" />
  <Gate Number="110" GateType="2" Map="ValleyofLoren" X1="131" Y1="94" X2="138" Y2="92" Target="0" Move="-1" Name="" Dir="0" ReqLevel="0" ReqZen="0" />
  <Gate Number="111" GateType="0" Map="DevilSquare2" X1="133" Y1="91" X2="141" Y2="99" Target="0" Move="-1" Name="" Dir="0" ReqLevel="10" ReqZen="0" />
  <Gate Number="112" GateType="0" Map="DevilSquare2" X1="135" Y1="162" X2="142" Y2="170" Target="0" Move="-1" Name="" Dir="0" ReqLevel="10" ReqZen="0" />
  <Gate Number="113" GateType="2" Map="Aida" X1="76" Y1="9" X2="78" Y2="16" Target="0" Move="-1" Name="" Dir="0" ReqLevel="10" ReqZen="0" />
  <Gate Number="114" GateType="2" Map="Crywolf" X1="231" Y1="37" X2="234" Y2="45" Target="0" Move="-1" Name="" Dir="0" ReqLevel="10" ReqZen="0" />
  <Gate Number="116" GateType="0" Map="Kalima7" X1="10" Y1="16" X2="17" Y2="22" Target="0" Move="-1" Name="" Dir="0" ReqLevel="0" ReqZen="0" />
  <Gate Number="117" GateType="1" Map="ValleyofLoren" X1="161" Y1="37" X2="165" Y2="45" Target="114" Move="-1" Name="" Dir="0" ReqLevel="10" ReqZen="0" />
  <Gate Number="118" GateType="0" Map="Crywolf" X1="229" Y1="37" X2="239" Y2="46" Target="0" Move="38" Name="Crywolf" Dir="0" ReqLevel="10" ReqZen="25000" />
  <Gate Number="119" GateType="0" Map="Aida" X1="82" Y1="8" X2="87" Y2="14" Target="0" Move="28" Name="Aida" Dir="0" ReqLevel="130" ReqZen="8500" />
  <Gate Number="120" GateType="1" Map="Noria" X1="220" Y1="30" X2="226" Y2="30" Target="113" Move="-1" Name="" Dir="0" ReqLevel="130" ReqZen="0" />
  <Gate Number="121" GateType="1" Map="Aida" X1="74" Y1="9" X2="74" Y2="13" Target="122" Move="-1" Name="" Dir="0" ReqLevel="10" ReqZen="0" />
  <Gate Number="122" GateType="2" Map="Noria" X1="220" Y1="31" X2="226" Y2="34" Target="0" Move="-1" Name="" Dir="0" ReqLevel="10" ReqZen="0" />
  <Gate Number="123" GateType="1" Map="Crywolf" X1="239" Y1="40" X2="240" Y2="44" Target="124" Move="-1" Name="" Dir="0" ReqLevel="10" ReqZen="0" />
  <Gate Number="124" GateType="2" Map="ValleyofLoren" X1="155" Y1="37" X2="158" Y2="43" Target="0" Move="-1" Name="" Dir="0" ReqLevel="10" ReqZen="0" />
  <Gate Number="125" GateType="1" Map="Tarkan" X1="6" Y1="199" X2="6" Y2="201" Target="126" Move="-1" Name="" Dir="0" ReqLevel="150" ReqZen="0" />
  <Gate Number="126" GateType="2" Map="Kantru1" X1="17" Y1="219" X2="21" Y2="220" Target="0" Move="-1" Name="" Dir="0" ReqLevel="150" ReqZen="0" />
  <Gate Number="127" GateType="1" Map="Kantru1" X1="17" Y1="220" X2="19" Y2="222" Target="128" Move="-1" Name="" Dir="0" ReqLevel="130" ReqZen="0" />
  <Gate Number="128" GateType="2" Map="Tarkan" X1="7" Y1="199" X2="7" Y2="201" Target="0" Move="-1" Name="" Dir="0" ReqLevel="130" ReqZen="0" />
  <Gate Number="129" GateType="1" Map="Kantru1" X1="89" Y1="89" X2="89" Y2="92" Target="130" Move="-1" Name="" Dir="0" ReqLevel="220" ReqZen="0" />
  <Gate Number="130" GateType="2" Map="Kantru2" X1="70" Y1="104" X2="70" Y2="107" Target="0" Move="-1" Name="" Dir="0" ReqLevel="220" ReqZen="0" />
  <Gate Number="131" GateType="1" Map="Kantru2" X1="69" Y1="104" X2="69" Y2="107" Target="132" Move="-1" Name="" Dir="0" ReqLevel="150" ReqZen="0" />
  <Gate Number="132" GateType="2" Map="Kantru1" X1="85" Y1="89" X2="86" Y2="92" Target="0" Move="-1" Name="" Dir="0" ReqLevel="150" ReqZen="0" />
  <Gate Number="133" GateType="0" Map="Kantru3" X1="196" Y1="56" X2="201" Y2="57" Target="0" Move="-1" Name="" Dir="0" ReqLevel="220" ReqZen="0" />
  <Gate Number="134" GateType="0" Map="Kantru3" X1="78" Y1="93" X2="82" Y2="95" Target="0" Move="-1" Name="" Dir="0" ReqLevel="220" ReqZen="0" />
  <Gate Number="135" GateType="0" Map="Kantru3" X1="78" Y1="93" X2="82" Y2="95" Target="0" Move="-1" Name="" Dir="0" ReqLevel="220" ReqZen="0" />
  <Gate Number="136" GateType="0" Map="Kantru2" X1="137" Y1="162" X2="143" Y2="163" Target="0" Move="-1" Name="" Dir="0" ReqLevel="220" ReqZen="0" />
  <Gate Number="137" GateType="0" Map="Kantru2" X1="71" Y1="104" X2="72" Y2="107" Target="0" Move="-1" Name="" Dir="0" ReqLevel="220" ReqZen="0" />
  <Gate Number="138" GateType="0" Map="Kantru1" X1="19" Y1="217" X2="21" Y2="219" Target="0" Move="31" Name="KanturuRuins1" Dir="0" ReqLevel="160" ReqZen="9000" />
  <Gate Number="139" GateType="0" Map="Kantru2" X1="71" Y1="104" X2="72" Y2="107" Target="0" Move="33" Name="KanturuRemain" Dir="0" ReqLevel="230" ReqZen="15000" />
  <Gate Number="140" GateType="0" Map="Aida" X1="186" Y1="173" X2="190" Y2="177" Target="0" Move="29" Name="Aida 2" Dir="0" ReqLevel="130" ReqZen="0" />
  <Gate Number="141" GateType="0" Map="Kantru1" X1="205" Y1="36" X2="208" Y2="41" Target="0" Move="32" Name="KanturuRuins2" Dir="0" ReqLevel="160" ReqZen="9000" />
  <Gate Number="142" GateType="0" Map="IllusionTemple1" X1="98" Y1="128" X2="108" Y2="137" Target="0" Move="-1" Name="" Dir="0" ReqLevel="0" ReqZen="0" />
  <Gate Number="143" GateType="0" Map="IllusionTemple2" X1="98" Y1="128" X2="108" Y2="137" Target="0" Move="-1" Name="" Dir="0" ReqLevel="0" ReqZen="0" />
  <Gate Number="144" GateType="0" Map="IllusionTemple3" X1="98" Y1="128" X2="108" Y2="137" Target="0" Move="-1" Name="" Dir="0" ReqLevel="0" ReqZen="0" />
  <Gate Number="145" GateType="0" Map="IllusionTemple4" X1="98" Y1="128" X2="108" Y2="137" Target="0" Move="-1" Name="" Dir="0" ReqLevel="0" ReqZen="0" />
  <Gate Number="146" GateType="0" Map="IllusionTemple5" X1="98" Y1="128" X2="108" Y2="137" Target="0" Move="-1" Name="" Dir="0" ReqLevel="0" ReqZen="0" />
  <Gate Number="147" GateType="0" Map="IllusionTemple6" X1="98" Y1="128" X2="108" Y2="137" Target="0" Move="-1" Name="" Dir="0" ReqLevel="0" ReqZen="0" />
  <Gate Number="148" GateType="0" Map="IllusionTemple1" X1="141" Y1="41" X2="146" Y2="45" Target="0" Move="-1" Name="" Dir="0" ReqLevel="0" ReqZen="0" />
  <Gate Number="149" GateType="0" Map="IllusionTemple2" X1="141" Y1="41" X2="146" Y2="45" Target="0" Move="-1" Name="" Dir="0" ReqLevel="0" ReqZen="0" />
  <Gate Number="150" GateType="0" Map="IllusionTemple3" X1="141" Y1="41" X2="146" Y2="45" Target="0" Move="-1" Name="" Dir="0" ReqLevel="0" ReqZen="0" />
  <Gate Number="151" GateType="0" Map="IllusionTemple4" X1="141" Y1="41" X2="146" Y2="45" Target="0" Move="-1" Name="" Dir="0" ReqLevel="0" ReqZen="0" />
  <Gate Number="152" GateType="0" Map="IllusionTemple5" X1="141" Y1="41" X2="146" Y2="45" Target="0" Move="-1" Name="" Dir="0" ReqLevel="0" ReqZen="0" />
  <Gate Number="153" GateType="0" Map="IllusionTemple6" X1="141" Y1="41" X2="146" Y2="45" Target="0" Move="-1" Name="" Dir="0" ReqLevel="0" ReqZen="0" />
  <Gate Number="154" GateType="0" Map="IllusionTemple1" X1="194" Y1="124" X2="198" Y2="127" Target="0" Move="-1" Name="" Dir="0" ReqLevel="0" ReqZen="0" />
  <Gate Number="155" GateType="0" Map="IllusionTemple2" X1="194" Y1="124" X2="198" Y2="127" Target="0" Move="-1" Name="" Dir="0" ReqLevel="0" ReqZen="0" />
  <Gate Number="156" GateType="0" Map="IllusionTemple3" X1="194" Y1="124" X2="198" Y2="127" Target="0" Move="-1" Name="" Dir="0" ReqLevel="0" ReqZen="0" />
  <Gate Number="157" GateType="0" Map="IllusionTemple4" X1="194" Y1="124" X2="198" Y2="127" Target="0" Move="-1" Name="" Dir="0" ReqLevel="0" ReqZen="0" />
  <Gate Number="158" GateType="0" Map="IllusionTemple5" X1="194" Y1="124" X2="198" Y2="127" Target="0" Move="-1" Name="" Dir="0" ReqLevel="0" ReqZen="0" />
  <Gate Number="159" GateType="0" Map="IllusionTemple6" X1="194" Y1="124" X2="198" Y2="127" Target="0" Move="-1" Name="" Dir="0" ReqLevel="0" ReqZen="0" />
  <Gate Number="160" GateType="1" Map="IllusionTemple1" X1="136" Y1="100" X2="137" Y2="101" Target="161" Move="-1" Name="" Dir="0" ReqLevel="0" ReqZen="0" />
  <Gate Number="161" GateType="2" Map="IllusionTemple1" X1="170" Y1="101" X2="170" Y2="103" Target="0" Move="-1" Name="" Dir="0" ReqLevel="0" ReqZen="0" />
  <Gate Number="162" GateType="1" Map="IllusionTemple1" X1="150" Y1="117" X2="152" Y2="119" Target="163" Move="-1" Name="" Dir="0" ReqLevel="0" ReqZen="0" />
  <Gate Number="163" GateType="2" Map="IllusionTemple1" X1="149" Y1="84" X2="152" Y2="84" Target="0" Move="-1" Name="" Dir="0" ReqLevel="0" ReqZen="0" />
  <Gate Number="164" GateType="1" Map="IllusionTemple1" X1="149" Y1="88" X2="151" Y2="89" Target="165" Move="-1" Name="" Dir="0" ReqLevel="0" ReqZen="0" />
  <Gate Number="165" GateType="2" Map="IllusionTemple1" X1="149" Y1="122" X2="151" Y2="122" Target="0" Move="-1" Name="" Dir="0" ReqLevel="0" ReqZen="0" />
  <Gate Number="166" GateType="1" Map="IllusionTemple1" X1="165" Y1="101" X2="166" Y2="104" Target="167" Move="-1" Name="" Dir="0" ReqLevel="0" ReqZen="0" />
  <Gate Number="167" GateType="2" Map="IllusionTemple1" X1="132" Y1="99" X2="132" Y2="103" Target="0" Move="-1" Name="" Dir="0" ReqLevel="0" ReqZen="0" />
  <Gate Number="168" GateType="1" Map="IllusionTemple1" X1="173" Y1="65" X2="174" Y2="68" Target="169" Move="-1" Name="" Dir="0" ReqLevel="0" ReqZen="0" />
  <Gate Number="169" GateType="2" Map="IllusionTemple1" X1="207" Y1="65" X2="207" Y2="68" Target="0" Move="-1" Name="" Dir="0" ReqLevel="0" ReqZen="0" />
  <Gate Number="170" GateType="1" Map="IllusionTemple1" X1="186" Y1="79" X2="189" Y2="81" Target="171" Move="-1" Name="" Dir="0" ReqLevel="0" ReqZen="0" />
  <Gate Number="171" GateType="2" Map="IllusionTemple1" X1="186" Y1="47" X2="189" Y2="47" Target="0" Move="-1" Name="" Dir="0" ReqLevel="0" ReqZen="0" />
  <Gate Number="172" GateType="1" Map="IllusionTemple1" X1="186" Y1="51" X2="188" Y2="52" Target="173" Move="-1" Name="" Dir="0" ReqLevel="0" ReqZen="0" />
  <Gate Number="173" GateType="2" Map="IllusionTemple1" X1="186" Y1="84" X2="189" Y2="84" Target="0" Move="-1" Name="" Dir="0" ReqLevel="0" ReqZen="0" />
  <Gate Number="174" GateType="1" Map="IllusionTemple1" X1="202" Y1="66" X2="203" Y2="68" Target="175" Move="-1" Name="" Dir="0" ReqLevel="0" ReqZen="0" />
  <Gate Number="175" GateType="2" Map="IllusionTemple1" X1="169" Y1="65" X2="169" Y2="68" Target="0" Move="-1" Name="" Dir="0" ReqLevel="0" ReqZen="0" />
  <Gate Number="176" GateType="1" Map="IllusionTemple2" X1="136" Y1="100" X2="137" Y2="101" Target="177" Move="-1" Name="" Dir="0" ReqLevel="0" ReqZen="0" />
  <Gate Number="177" GateType="2" Map="IllusionTemple2" X1="170" Y1="101" X2="170" Y2="103" Target="0" Move="-1" Name="" Dir="0" ReqLevel="0" ReqZen="0" />
  <Gate Number="178" GateType="1" Map="IllusionTemple2" X1="150" Y1="117" X2="152" Y2="119" Target="179" Move="-1" Name="" Dir="0" ReqLevel="0" ReqZen="0" />
  <Gate Number="179" GateType="2" Map="IllusionTemple2" X1="149" Y1="84" X2="152" Y2="84" Target="0" Move="-1" Name="" Dir="0" ReqLevel="0" ReqZen="0" />
  <Gate Number="180" GateType="1" Map="IllusionTemple2" X1="149" Y1="88" X2="151" Y2="89" Target="181" Move="-1" Name="" Dir="0" ReqLevel="0" ReqZen="0" />
  <Gate Number="181" GateType="2" Map="IllusionTemple2" X1="149" Y1="122" X2="151" Y2="122" Target="0" Move="-1" Name="" Dir="0" ReqLevel="0" ReqZen="0" />
  <Gate Number="182" GateType="1" Map="IllusionTemple2" X1="165" Y1="101" X2="166" Y2="104" Target="183" Move="-1" Name="" Dir="0" ReqLevel="0" ReqZen="0" />
  <Gate Number="183" GateType="2" Map="IllusionTemple2" X1="132" Y1="99" X2="132" Y2="103" Target="0" Move="-1" Name="" Dir="0" ReqLevel="0" ReqZen="0" />
  <Gate Number="184" GateType="1" Map="IllusionTemple2" X1="173" Y1="65" X2="174" Y2="68" Target="185" Move="-1" Name="" Dir="0" ReqLevel="0" ReqZen="0" />
  <Gate Number="185" GateType="2" Map="IllusionTemple2" X1="207" Y1="65" X2="207" Y2="68" Target="0" Move="-1" Name="" Dir="0" ReqLevel="0" ReqZen="0" />
  <Gate Number="186" GateType="1" Map="IllusionTemple2" X1="186" Y1="79" X2="189" Y2="81" Target="187" Move="-1" Name="" Dir="0" ReqLevel="0" ReqZen="0" />
  <Gate Number="187" GateType="2" Map="IllusionTemple2" X1="186" Y1="47" X2="189" Y2="47" Target="0" Move="-1" Name="" Dir="0" ReqLevel="0" ReqZen="0" />
  <Gate Number="188" GateType="1" Map="IllusionTemple2" X1="186" Y1="51" X2="188" Y2="52" Target="189" Move="-1" Name="" Dir="0" ReqLevel="0" ReqZen="0" />
  <Gate Number="189" GateType="2" Map="IllusionTemple2" X1="186" Y1="84" X2="189" Y2="84" Target="0" Move="-1" Name="" Dir="0" ReqLevel="0" ReqZen="0" />
  <Gate Number="190" GateType="1" Map="IllusionTemple2" X1="202" Y1="66" X2="203" Y2="68" Target="191" Move="-1" Name="" Dir="0" ReqLevel="0" ReqZen="0" />
  <Gate Number="191" GateType="2" Map="IllusionTemple2" X1="169" Y1="65" X2="169" Y2="68" Target="0" Move="-1" Name="" Dir="0" ReqLevel="0" ReqZen="0" />
  <Gate Number="192" GateType="1" Map="IllusionTemple3" X1="136" Y1="100" X2="137" Y2="101" Target="193" Move="-1" Name="" Dir="0" ReqLevel="0" ReqZen="0" />
  <Gate Number="193" GateType="2" Map="IllusionTemple3" X1="170" Y1="101" X2="170" Y2="103" Target="0" Move="-1" Name="" Dir="0" ReqLevel="0" ReqZen="0" />
  <Gate Number="194" GateType="1" Map="IllusionTemple3" X1="150" Y1="117" X2="152" Y2="119" Target="195" Move="-1" Name="" Dir="0" ReqLevel="0" ReqZen="0" />
  <Gate Number="195" GateType="2" Map="IllusionTemple3" X1="149" Y1="84" X2="152" Y2="84" Target="0" Move="-1" Name="" Dir="0" ReqLevel="0" ReqZen="0" />
  <Gate Number="196" GateType="1" Map="IllusionTemple3" X1="149" Y1="88" X2="151" Y2="89" Target="197" Move="-1" Name="" Dir="0" ReqLevel="0" ReqZen="0" />
  <Gate Number="197" GateType="2" Map="IllusionTemple3" X1="149" Y1="122" X2="151" Y2="122" Target="0" Move="-1" Name="" Dir="0" ReqLevel="0" ReqZen="0" />
  <Gate Number="198" GateType="1" Map="IllusionTemple3" X1="165" Y1="101" X2="166" Y2="104" Target="199" Move="-1" Name="" Dir="0" ReqLevel="0" ReqZen="0" />
  <Gate Number="199" GateType="2" Map="IllusionTemple3" X1="132" Y1="99" X2="132" Y2="103" Target="0" Move="-1" Name="" Dir="0" ReqLevel="0" ReqZen="0" />
  <Gate Number="200" GateType="1" Map="IllusionTemple3" X1="173" Y1="65" X2="174" Y2="68" Target="201" Move="-1" Name="" Dir="0" ReqLevel="0" ReqZen="0" />
  <Gate Number="201" GateType="2" Map="IllusionTemple3" X1="207" Y1="65" X2="207" Y2="68" Target="0" Move="-1" Name="" Dir="0" ReqLevel="0" ReqZen="0" />
  <Gate Number="202" GateType="1" Map="IllusionTemple3" X1="186" Y1="79" X2="189" Y2="81" Target="203" Move="-1" Name="" Dir="0" ReqLevel="0" ReqZen="0" />
  <Gate Number="203" GateType="2" Map="IllusionTemple3" X1="186" Y1="47" X2="189" Y2="47" Target="0" Move="-1" Name="" Dir="0" ReqLevel="0" ReqZen="0" />
  <Gate Number="204" GateType="1" Map="IllusionTemple3" X1="186" Y1="51" X2="188" Y2="52" Target="205" Move="-1" Name="" Dir="0" ReqLevel="0" ReqZen="0" />
  <Gate Number="205" GateType="2" Map="IllusionTemple3" X1="186" Y1="84" X2="189" Y2="84" Target="0" Move="-1" Name="" Dir="0" ReqLevel="0" ReqZen="0" />
  <Gate Number="206" GateType="1" Map="IllusionTemple3" X1="202" Y1="66" X2="203" Y2="68" Target="207" Move="-1" Name="" Dir="0" ReqLevel="0" ReqZen="0" />
  <Gate Number="207" GateType="2" Map="IllusionTemple3" X1="169" Y1="65" X2="169" Y2="68" Target="0" Move="-1" Name="" Dir="0" ReqLevel="0" ReqZen="0" />
  <Gate Number="208" GateType="1" Map="IllusionTemple4" X1="136" Y1="100" X2="137" Y2="101" Target="209" Move="-1" Name="" Dir="0" ReqLevel="0" ReqZen="0" />
  <Gate Number="209" GateType="2" Map="IllusionTemple4" X1="170" Y1="101" X2="170" Y2="103" Target="0" Move="-1" Name="" Dir="0" ReqLevel="0" ReqZen="0" />
  <Gate Number="210" GateType="1" Map="IllusionTemple4" X1="150" Y1="117" X2="152" Y2="119" Target="211" Move="-1" Name="" Dir="0" ReqLevel="0" ReqZen="0" />
  <Gate Number="211" GateType="2" Map="IllusionTemple4" X1="149" Y1="84" X2="152" Y2="84" Target="0" Move="-1" Name="" Dir="0" ReqLevel="0" ReqZen="0" />
  <Gate Number="212" GateType="1" Map="IllusionTemple4" X1="149" Y1="88" X2="151" Y2="89" Target="213" Move="-1" Name="" Dir="0" ReqLevel="0" ReqZen="0" />
  <Gate Number="213" GateType="2" Map="IllusionTemple4" X1="149" Y1="122" X2="151" Y2="122" Target="0" Move="-1" Name="" Dir="0" ReqLevel="0" ReqZen="0" />
  <Gate Number="214" GateType="1" Map="IllusionTemple4" X1="165" Y1="101" X2="166" Y2="104" Target="215" Move="-1" Name="" Dir="0" ReqLevel="0" ReqZen="0" />
  <Gate Number="215" GateType="2" Map="IllusionTemple4" X1="132" Y1="99" X2="132" Y2="103" Target="0" Move="-1" Name="" Dir="0" ReqLevel="0" ReqZen="0" />
  <Gate Number="216" GateType="1" Map="IllusionTemple4" X1="173" Y1="65" X2="174" Y2="68" Target="217" Move="-1" Name="" Dir="0" ReqLevel="0" ReqZen="0" />
  <Gate Number="217" GateType="2" Map="IllusionTemple4" X1="207" Y1="65" X2="207" Y2="68" Target="0" Move="-1" Name="" Dir="0" ReqLevel="0" ReqZen="0" />
  <Gate Number="218" GateType="1" Map="IllusionTemple4" X1="186" Y1="79" X2="189" Y2="81" Target="219" Move="-1" Name="" Dir="0" ReqLevel="0" ReqZen="0" />
  <Gate Number="219" GateType="2" Map="IllusionTemple4" X1="186" Y1="47" X2="189" Y2="47" Target="0" Move="-1" Name="" Dir="0" ReqLevel="0" ReqZen="0" />
  <Gate Number="220" GateType="1" Map="IllusionTemple4" X1="186" Y1="51" X2="188" Y2="52" Target="221" Move="-1" Name="" Dir="0" ReqLevel="0" ReqZen="0" />
  <Gate Number="221" GateType="2" Map="IllusionTemple4" X1="186" Y1="84" X2="189" Y2="84" Target="0" Move="-1" Name="" Dir="0" ReqLevel="0" ReqZen="0" />
  <Gate Number="222" GateType="1" Map="IllusionTemple4" X1="202" Y1="66" X2="203" Y2="68" Target="223" Move="-1" Name="" Dir="0" ReqLevel="0" ReqZen="0" />
  <Gate Number="223" GateType="2" Map="IllusionTemple4" X1="169" Y1="65" X2="169" Y2="68" Target="0" Move="-1" Name="" Dir="0" ReqLevel="0" ReqZen="0" />
  <Gate Number="224" GateType="1" Map="IllusionTemple5" X1="136" Y1="100" X2="137" Y2="101" Target="225" Move="-1" Name="" Dir="0" ReqLevel="0" ReqZen="0" />
  <Gate Number="225" GateType="2" Map="IllusionTemple5" X1="170" Y1="101" X2="170" Y2="103" Target="0" Move="-1" Name="" Dir="0" ReqLevel="0" ReqZen="0" />
  <Gate Number="226" GateType="1" Map="IllusionTemple5" X1="150" Y1="117" X2="152" Y2="119" Target="227" Move="-1" Name="" Dir="0" ReqLevel="0" ReqZen="0" />
  <Gate Number="227" GateType="2" Map="IllusionTemple5" X1="149" Y1="84" X2="152" Y2="84" Target="0" Move="-1" Name="" Dir="0" ReqLevel="0" ReqZen="0" />
  <Gate Number="228" GateType="1" Map="IllusionTemple5" X1="149" Y1="88" X2="151" Y2="89" Target="229" Move="-1" Name="" Dir="0" ReqLevel="0" ReqZen="0" />
  <Gate Number="229" GateType="2" Map="IllusionTemple5" X1="149" Y1="122" X2="151" Y2="122" Target="0" Move="-1" Name="" Dir="0" ReqLevel="0" ReqZen="0" />
  <Gate Number="230" GateType="1" Map="IllusionTemple5" X1="165" Y1="101" X2="166" Y2="104" Target="231" Move="-1" Name="" Dir="0" ReqLevel="0" ReqZen="0" />
  <Gate Number="231" GateType="2" Map="IllusionTemple5" X1="132" Y1="99" X2="132" Y2="103" Target="0" Move="-1" Name="" Dir="0" ReqLevel="0" ReqZen="0" />
  <Gate Number="232" GateType="1" Map="IllusionTemple5" X1="173" Y1="65" X2="174" Y2="68" Target="233" Move="-1" Name="" Dir="0" ReqLevel="0" ReqZen="0" />
  <Gate Number="233" GateType="2" Map="IllusionTemple5" X1="207" Y1="65" X2="207" Y2="68" Target="0" Move="-1" Name="" Dir="0" ReqLevel="0" ReqZen="0" />
  <Gate Number="234" GateType="1" Map="IllusionTemple5" X1="186" Y1="79" X2="189" Y2="81" Target="235" Move="-1" Name="" Dir="0" ReqLevel="0" ReqZen="0" />
  <Gate Number="235" GateType="2" Map="IllusionTemple5" X1="186" Y1="47" X2="189" Y2="47" Target="0" Move="-1" Name="" Dir="0" ReqLevel="0" ReqZen="0" />
  <Gate Number="236" GateType="1" Map="IllusionTemple5" X1="186" Y1="51" X2="188" Y2="52" Target="237" Move="-1" Name="" Dir="0" ReqLevel="0" ReqZen="0" />
  <Gate Number="237" GateType="2" Map="IllusionTemple5" X1="186" Y1="84" X2="189" Y2="84" Target="0" Move="-1" Name="" Dir="0" ReqLevel="0" ReqZen="0" />
  <Gate Number="238" GateType="1" Map="IllusionTemple5" X1="202" Y1="66" X2="203" Y2="68" Target="239" Move="-1" Name="" Dir="0" ReqLevel="0" ReqZen="0" />
  <Gate Number="239" GateType="2" Map="IllusionTemple5" X1="169" Y1="65" X2="169" Y2="68" Target="0" Move="-1" Name="" Dir="0" ReqLevel="0" ReqZen="0" />
  <Gate Number="240" GateType="1" Map="IllusionTemple6" X1="136" Y1="100" X2="137" Y2="101" Target="241" Move="-1" Name="" Dir="0" ReqLevel="0" ReqZen="0" />
  <Gate Number="241" GateType="2" Map="IllusionTemple6" X1="170" Y1="101" X2="170" Y2="103" Target="0" Move="-1" Name="" Dir="0" ReqLevel="0" ReqZen="0" />
  <Gate Number="242" GateType="1" Map="IllusionTemple6" X1="150" Y1="117" X2="152" Y2="119" Target="243" Move="-1" Name="" Dir="0" ReqLevel="0" ReqZen="0" />
  <Gate Number="243" GateType="2" Map="IllusionTemple6" X1="149" Y1="84" X2="152" Y2="84" Target="0" Move="-1" Name="" Dir="0" ReqLevel="0" ReqZen="0" />
  <Gate Number="244" GateType="1" Map="IllusionTemple6" X1="149" Y1="88" X2="151" Y2="89" Target="245" Move="-1" Name="" Dir="0" ReqLevel="0" ReqZen="0" />
  <Gate Number="245" GateType="2" Map="IllusionTemple6" X1="149" Y1="122" X2="151" Y2="122" Target="0" Move="-1" Name="" Dir="0" ReqLevel="0" ReqZen="0" />
  <Gate Number="246" GateType="1" Map="IllusionTemple6" X1="165" Y1="101" X2="166" Y2="104" Target="247" Move="-1" Name="" Dir="0" ReqLevel="0" ReqZen="0" />
  <Gate Number="247" GateType="2" Map="IllusionTemple6" X1="132" Y1="99" X2="132" Y2="103" Target="0" Move="-1" Name="" Dir="0" ReqLevel="0" ReqZen="0" />
  <Gate Number="248" GateType="1" Map="IllusionTemple6" X1="173" Y1="65" X2="174" Y2="68" Target="249" Move="-1" Name="" Dir="0" ReqLevel="0" ReqZen="0" />
  <Gate Number="249" GateType="2" Map="IllusionTemple6" X1="207" Y1="65" X2="207" Y2="68" Target="0" Move="-1" Name="" Dir="0" ReqLevel="0" ReqZen="0" />
  <Gate Number="250" GateType="1" Map="IllusionTemple6" X1="186" Y1="79" X2="189" Y2="81" Target="251" Move="-1" Name="" Dir="0" ReqLevel="0" ReqZen="0" />
  <Gate Number="251" GateType="2" Map="IllusionTemple6" X1="186" Y1="47" X2="189" Y2="47" Target="0" Move="-1" Name="" Dir="0" ReqLevel="0" ReqZen="0" />
  <Gate Number="252" GateType="1" Map="IllusionTemple6" X1="186" Y1="51" X2="188" Y2="52" Target="253" Move="-1" Name="" Dir="0" ReqLevel="0" ReqZen="0" />
  <Gate Number="253" GateType="2" Map="IllusionTemple6" X1="186" Y1="84" X2="189" Y2="84" Target="0" Move="-1" Name="" Dir="0" ReqLevel="0" ReqZen="0" />
  <Gate Number="254" GateType="1" Map="IllusionTemple6" X1="202" Y1="66" X2="203" Y2="68" Target="255" Move="-1" Name="" Dir="0" ReqLevel="0" ReqZen="0" />
  <Gate Number="255" GateType="2" Map="IllusionTemple6" X1="169" Y1="65" X2="169" Y2="68" Target="0" Move="-1" Name="" Dir="0" ReqLevel="0" ReqZen="0" />
  <Gate Number="256" GateType="0" Map="BarracksofBalgass" X1="29" Y1="79" X2="31" Y2="82" Target="0" Move="38" Name="Barracks" Dir="0" ReqLevel="0" ReqZen="20000" />
  <Gate Number="257" GateType="0" Map="BalgassRefuge" X1="104" Y1="178" X2="107" Y2="181" Target="0" Move="39" Name="Refuge" Dir="0" ReqLevel="0" ReqZen="20000" />
  <Gate Number="258" GateType="0" Map="Crywolf" X1="227" Y1="41" X2="229" Y2="43" Target="0" Move="-1" Name="" Dir="0" ReqLevel="0" ReqZen="0" />
  <Gate Number="259" GateType="1" Map="Davias" X1="161" Y1="245" X2="166" Y2="246" Target="260" Move="-1" Name="" Dir="0" ReqLevel="15" ReqZen="0" />
  <Gate Number="260" GateType="2" Map="Elbeland" X1="26" Y1="29" X2="27" Y2="30" Target="0" Move="-1" Name="" Dir="0" ReqLevel="15" ReqZen="0" />
  <Gate Number="261" GateType="1" Map="Elbeland" X1="24" Y1="29" X2="25" Y2="30" Target="262" Move="-1" Name="" Dir="0" ReqLevel="15" ReqZen="0" />
  <Gate Number="262" GateType="2" Map="Davias" X1="161" Y1="241" X2="163" Y2="242" Target="0" Move="-1" Name="" Dir="0" ReqLevel="15" ReqZen="0" />
  <Gate Number="263" GateType="1" Map="Atlans" X1="13" Y1="19" X2="14" Y2="20" Target="264" Move="-1" Name="" Dir="0" ReqLevel="10" ReqZen="0" />
  <Gate Number="264" GateType="2" Map="Elbeland" X1="243" Y1="149" X2="244" Y2="150" Target="0" Move="-1" Name="" Dir="0" ReqLevel="10" ReqZen="0" />
  <Gate Number="265" GateType="1" Map="Elbeland" X1="247" Y1="149" X2="248" Y2="150" Target="266" Move="-1" Name="" Dir="0" ReqLevel="60" ReqZen="0" />
  <Gate Number="266" GateType="2" Map="Atlans" X1="16" Y1="19" X2="17" Y2="20" Target="0" Move="-1" Name="" Dir="0" ReqLevel="60" ReqZen="0" />
  <Gate Number="267" GateType="0" Map="Elbeland" X1="51" Y1="224" X2="54" Y2="227" Target="0" Move="4" Name="Elveland" Dir="0" ReqLevel="0" ReqZen="2000" />
  <Gate Number="268" GateType="0" Map="Elbeland" X1="99" Y1="55" X2="100" Y2="57" Target="0" Move="5" Name="Elveland2" Dir="0" ReqLevel="10" ReqZen="2500" />
  <Gate Number="269" GateType="0" Map="Elbeland" X1="191" Y1="148" X2="193" Y2="150" Target="0" Move="6" Name="Elveland3" Dir="0" ReqLevel="10" ReqZen="3000" />
  <Gate Number="270" GateType="0" Map="DevilSquare2" X1="62" Y1="150" X2="70" Y2="158" Target="0" Move="-1" Name="" Dir="0" ReqLevel="10" ReqZen="0" />
  <Gate Number="271" GateType="0" Map="BloodCastle8" X1="12" Y1="5" X2="14" Y2="10" Target="0" Move="-1" Name="" Dir="0" ReqLevel="0" ReqZen="0" />
  <Gate Number="272" GateType="0" Map="ChaosCastle7" X1="31" Y1="88" X2="36" Y2="95" Target="0" Move="-1" Name="" Dir="0" ReqLevel="0" ReqZen="0" />
  <Gate Number="273" GateType="0" Map="SwampOfCalmness" X1="135" Y1="105" X2="142" Y2="111" Target="0" Move="44" Name="PeaceSwamp" Dir="0" ReqLevel="400" ReqZen="15000" />
  <Gate Number="274" GateType="1" Map="SwampOfCalmness" X1="139" Y1="125" X2="139" Y2="126" Target="275" Move="-1" Name="" Dir="0" ReqLevel="400" ReqZen="0" />
  <Gate Number="275" GateType="2" Map="SwampOfCalmness" X1="189" Y1="190" X2="191" Y2="193" Target="0" Move="-1" Name="" Dir="0" ReqLevel="400" ReqZen="0" />
  <Gate Number="276" GateType="1" Map="SwampOfCalmness" X1="185" Y1="187" X2="186" Y2="188" Target="273" Move="-1" Name="" Dir="0" ReqLevel="400" ReqZen="0" />
  <Gate Number="277" GateType="1" Map="SwampOfCalmness" X1="149" Y1="109" X2="150" Y2="109" Target="278" Move="-1" Name="" Dir="0" ReqLevel="400" ReqZen="0" />
  <Gate Number="278" GateType="2" Map="SwampOfCalmness" X1="204" Y1="10" X2="206" Y2="14" Target="0" Move="-1" Name="" Dir="0" ReqLevel="400" ReqZen="0" />
  <Gate Number="279" GateType="1" Map="SwampOfCalmness" X1="197" Y1="12" X2="197" Y2="14" Target="273" Move="-1" Name="" Dir="0" ReqLevel="400" ReqZen="0" />
  <Gate Number="280" GateType="1" Map="SwampOfCalmness" X1="139" Y1="95" X2="140" Y2="95" Target="281" Move="-1" Name="" Dir="0" ReqLevel="400" ReqZen="0" />
  <Gate Number="281" GateType="2" Map="SwampOfCalmness" X1="65" Y1="47" X2="67" Y2="48" Target="0" Move="-1" Name="" Dir="0" ReqLevel="400" ReqZen="0" />
  <Gate Number="282" GateType="1" Map="SwampOfCalmness" X1="68" Y1="52" X2="69" Y2="53" Target="273" Move="-1" Name="" Dir="0" ReqLevel="400" ReqZen="0" />
  <Gate Number="283" GateType="1" Map="SwampOfCalmness" X1="124" Y1="109" X2="124" Y2="110" Target="284" Move="-1" Name="" Dir="0" ReqLevel="400" ReqZen="0" />
  <Gate Number="284" GateType="2" Map="SwampOfCalmness" X1="62" Y1="174" X2="63" Y2="179" Target="0" Move="-1" Name="" Dir="0" ReqLevel="400" ReqZen="0" />
  <Gate Number="285" GateType="1" Map="SwampOfCalmness" X1="57" Y1="176" X2="57" Y2="177" Target="273" Move="-1" Name="" Dir="0" ReqLevel="400" ReqZen="0" />
  <Gate Number="286" GateType="1" Map="Davias" X1="52" Y1="92" X2="54" Y2="92" Target="287" Move="-1" Name="" Dir="0" ReqLevel="270" ReqZen="0" />
  <Gate Number="287" GateType="0" Map="Raklion" X1="222" Y1="211" X2="225" Y2="212" Target="0" Move="41" Name="Raklion" Dir="0" ReqLevel="270" ReqZen="15000" />
  <Gate Number="288" GateType="1" Map="Raklion" X1="223" Y1="215" X2="225" Y2="215" Target="289" Move="-1" Name="" Dir="0" ReqLevel="270" ReqZen="0" />
  <Gate Number="289" GateType="0" Map="Davias" X1="52" Y1="88" X2="54" Y2="89" Target="0" Move="-1" Name="" Dir="0" ReqLevel="270" ReqZen="0" />
  <Gate Number="290" GateType="1" Map="Raklion" X1="171" Y1="23" X2="171" Y2="25" Target="291" Move="-1" Name="" Dir="0" ReqLevel="270" ReqZen="0" />
  <Gate Number="291" GateType="0" Map="Selupan" X1="160" Y1="24" X2="161" Y2="27" Target="0" Move="-1" Name="" Dir="0" ReqLevel="270" ReqZen="0" />
  <Gate Number="292" GateType="1" Map="Selupan" X1="167" Y1="24" X2="167" Y2="25" Target="293" Move="-1" Name="" Dir="0" ReqLevel="270" ReqZen="0" />
  <Gate Number="293" GateType="0" Map="Raklion" X1="174" Y1="23" X2="175" Y2="25" Target="0" Move="-1" Name="" Dir="0" ReqLevel="270" ReqZen="0" />
  <Gate Number="294" GateType="0" Map="Vulcan" X1="120" Y1="129" X2="126" Y2="134" Target="0" Move="40" Name="Vulcanus" Dir="0" ReqLevel="20" ReqZen="15000" />
  <Gate Number="295" GateType="0" Map="DuelArena" X1="101" Y1="64" X2="0" Y2="0" Target="0" Move="-1" Name="" Dir="0" ReqLevel="30" ReqZen="0" />
  <Gate Number="296" GateType="0" Map="DuelArena" X1="101" Y1="75" X2="0" Y2="0" Target="0" Move="-1" Name="" Dir="0" ReqLevel="30" ReqZen="0" />
  <Gate Number="297" GateType="0" Map="DuelArena" X1="101" Y1="113" X2="0" Y2="0" Target="0" Move="-1" Name="" Dir="0" ReqLevel="30" ReqZen="0" />
  <Gate Number="298" GateType="0" Map="DuelArena" X1="101" Y1="124" X2="0" Y2="0" Target="0" Move="-1" Name="" Dir="0" ReqLevel="30" ReqZen="0" />
  <Gate Number="299" GateType="0" Map="DuelArena" X1="154" Y1="64" X2="0" Y2="0" Target="0" Move="-1" Name="" Dir="0" ReqLevel="30" ReqZen="0" />
  <Gate Number="300" GateType="0" Map="DuelArena" X1="154" Y1="75" X2="0" Y2="0" Target="0" Move="-1" Name="" Dir="0" ReqLevel="30" ReqZen="0" />
  <Gate Number="301" GateType="0" Map="DuelArena" X1="154" Y1="113" X2="0" Y2="0" Target="0" Move="-1" Name="" Dir="0" ReqLevel="30" ReqZen="0" />
  <Gate Number="302" GateType="0" Map="DuelArena" X1="154" Y1="124" X2="0" Y2="0" Target="0" Move="-1" Name="" Dir="0" ReqLevel="30" ReqZen="0" />
  <Gate Number="303" GateType="0" Map="DuelArena" X1="100" Y1="70" X2="0" Y2="0" Target="0" Move="-1" Name="" Dir="0" ReqLevel="30" ReqZen="0" />
  <Gate Number="304" GateType="0" Map="DuelArena" X1="100" Y1="120" X2="0" Y2="0" Target="0" Move="-1" Name="" Dir="0" ReqLevel="30" ReqZen="0" />
  <Gate Number="305" GateType="0" Map="DuelArena" X1="150" Y1="70" X2="0" Y2="0" Target="0" Move="-1" Name="" Dir="0" ReqLevel="30" ReqZen="0" />
  <Gate Number="306" GateType="0" Map="DuelArena" X1="150" Y1="120" X2="0" Y2="0" Target="0" Move="-1" Name="" Dir="0" ReqLevel="30" ReqZen="0" />
  <Gate Number="307" GateType="0" Map="ImperialGuardian1" X1="231" Y1="15" X2="233" Y2="17" Target="0" Move="-1" Name="" Dir="0" ReqLevel="0" ReqZen="0" />
  <Gate Number="308" GateType="1" Map="ImperialGuardian1" X1="209" Y1="80" X2="211" Y2="82" Target="309" Move="-1" Name="" Dir="0" ReqLevel="0" ReqZen="0" />
  <Gate Number="309" GateType="0" Map="ImperialGuardian1" X1="202" Y1="24" X2="203" Y2="27" Target="0" Move="-1" Name="" Dir="0" ReqLevel="0" ReqZen="0" />
  <Gate Number="310" GateType="1" Map="ImperialGuardian1" X1="153" Y1="60" X2="155" Y2="62" Target="311" Move="-1" Name="" Dir="0" ReqLevel="0" ReqZen="0" />
  <Gate Number="311" GateType="0" Map="ImperialGuardian1" X1="179" Y1="65" X2="181" Y2="67" Target="0" Move="-1" Name="" Dir="0" ReqLevel="0" ReqZen="0" />
  <Gate Number="312" GateType="0" Map="ImperialGuardian2" X1="86" Y1="63" X2="87" Y2="66" Target="0" Move="-1" Name="" Dir="0" ReqLevel="0" ReqZen="0" />
  <Gate Number="313" GateType="1" Map="ImperialGuardian2" X1="10" Y1="64" X2="12" Y2="66" Target="314" Move="-1" Name="" Dir="0" ReqLevel="0" ReqZen="0" />
  <Gate Number="314" GateType="0" Map="ImperialGuardian2" X1="35" Y1="84" X2="38" Y2="85" Target="0" Move="-1" Name="" Dir="0" ReqLevel="0" ReqZen="0" />
  <Gate Number="315" GateType="1" Map="ImperialGuardian2" X1="54" Y1="161" X2="56" Y2="163" Target="316" Move="-1" Name="" Dir="0" ReqLevel="0" ReqZen="0" />
  <Gate Number="316" GateType="0" Map="ImperialGuardian2" X1="121" Y1="110" X2="123" Y2="112" Target="0" Move="-1" Name="" Dir="0" ReqLevel="0" ReqZen="0" />
  <Gate Number="317" GateType="0" Map="ImperialGuardian3" X1="154" Y1="187" X2="155" Y2="189" Target="0" Move="-1" Name="" Dir="0" ReqLevel="0" ReqZen="0" />
  <Gate Number="318" GateType="1" Map="ImperialGuardian3" X1="82" Y1="194" X2="84" Y2="196" Target="319" Move="-1" Name="" Dir="0" ReqLevel="0" ReqZen="0" />
  <Gate Number="319" GateType="0" Map="ImperialGuardian3" X1="222" Y1="121" X2="224" Y2="123" Target="0" Move="-1" Name="" Dir="0" ReqLevel="0" ReqZen="0" />
  <Gate Number="320" GateType="1" Map="ImperialGuardian3" X1="222" Y1="201" X2="224" Y2="203" Target="321" Move="-1" Name="" Dir="0" ReqLevel="0" ReqZen="0" />
  <Gate Number="321" GateType="0" Map="ImperialGuardian3" X1="165" Y1="206" X2="168" Y2="207" Target="0" Move="-1" Name="" Dir="0" ReqLevel="0" ReqZen="0" />
  <Gate Number="322" GateType="0" Map="ImperialGuardian4" X1="93" Y1="66" X2="94" Y2="69" Target="0" Move="-1" Name="" Dir="0" ReqLevel="0" ReqZen="0" />
  <Gate Number="323" GateType="1" Map="ImperialGuardian4" X1="30" Y1="95" X2="32" Y2="97" Target="324" Move="-1" Name="" Dir="0" ReqLevel="0" ReqZen="0" />
  <Gate Number="324" GateType="0" Map="ImperialGuardian4" X1="32" Y1="162" X2="34" Y2="164" Target="0" Move="-1" Name="" Dir="0" ReqLevel="0" ReqZen="0" />
  <Gate Number="325" GateType="1" Map="ImperialGuardian4" X1="68" Y1="160" X2="70" Y2="162" Target="326" Move="-1" Name="" Dir="0" ReqLevel="0" ReqZen="0" />
  <Gate Number="326" GateType="0" Map="ImperialGuardian4" X1="145" Y1="155" X2="147" Y2="157" Target="0" Move="-1" Name="" Dir="0" ReqLevel="0" ReqZen="0" />
  <Gate Number="327" GateType="1" Map="ImperialGuardian4" X1="223" Y1="165" X2="225" Y2="167" Target="328" Move="-1" Name="" Dir="0" ReqLevel="0" ReqZen="0" />
  <Gate Number="328" GateType="0" Map="ImperialGuardian4" X1="241" Y1="23" X2="243" Y2="25" Target="0" Move="-1" Name="" Dir="0" ReqLevel="0" ReqZen="0" />
  <Gate Number="329" GateType="0" Map="DoppelgangerSnow" X1="193" Y1="26" X2="200" Y2="32" Target="0" Move="-1" Name="" Dir="0" ReqLevel="0" ReqZen="0" />
  <Gate Number="330" GateType="0" Map="DoppelgangerVulcan" X1="133" Y1="68" X2="139" Y2="74" Target="0" Move="-1" Name="" Dir="0" ReqLevel="0" ReqZen="0" />
  <Gate Number="331" GateType="0" Map="DoppelgangerSea" X1="106" Y1="58" X2="111" Y2="62" Target="0" Move="-1" Name="" Dir="0" ReqLevel="0" ReqZen="0" />
  <Gate Number="332" GateType="0" Map="DoppelgangerCrystals" X1="90" Y1="10" X2="97" Y2="17" Target="0" Move="-1" Name="" Dir="0" ReqLevel="0" ReqZen="0" />
  <Gate Number="333" GateType="0" Map="LorenMarket" X1="126" Y1="142" X2="129" Y2="148" Target="0" Move="-1" Name="" Dir="0" ReqLevel="0" ReqZen="0" />
  <Gate Number="334" GateType="0" Map="Kantru1" X1="66" Y1="183" X2="74" Y2="191" Target="0" Move="34" Name="KanturuRuins3" Dir="0" ReqLevel="160" ReqZen="12000" />
  <Gate Number="335" GateType="0" Map="Karutan1" X1="124" Y1="123" X2="127" Y2="125" Target="0" Move="36" Name="Karutan" Dir="0" ReqLevel="170" ReqZen="13000" />
  <Gate Number="336" GateType="1" Map="Aida" X1="237" Y1="167" X2="240" Y2="168" Target="337" Move="-1" Name="" Dir="0" ReqLevel="160" ReqZen="0" />
  <Gate Number="337" GateType="2" Map="Karutan1" X1="118" Y1="44" X2="119" Y2="46" Target="0" Move="-1" Name="" Dir="3" ReqLevel="160" ReqZen="0" />
  <Gate Number="338" GateType="1" Map="Karutan1" X1="116" Y1="44" X2="117" Y2="47" Target="339" Move="-1" Name="" Dir="0" ReqLevel="160" ReqZen="0" />
  <Gate Number="339" GateType="2" Map="Aida" X1="237" Y1="166" X2="240" Y2="166" Target="0" Move="-1" Name="" Dir="1" ReqLevel="160" ReqZen="0" />
  <Gate Number="340" GateType="1" Map="Karutan1" X1="186" Y1="210" X2="190" Y2="212" Target="341" Move="-1" Name="" Dir="0" ReqLevel="160" ReqZen="0" />
  <Gate Number="341" GateType="2" Map="Karutan2" X1="162" Y1="12" X2="164" Y2="14" Target="0" Move="-1" Name="" Dir="5" ReqLevel="160" ReqZen="0" />
  <Gate Number="342" GateType="1" Map="Karutan2" X1="161" Y1="8" X2="165" Y2="9" Target="343" Move="-1" Name="" Dir="0" ReqLevel="160" ReqZen="0" />
  <Gate Number="343" GateType="2" Map="Karutan1" X1="188" Y1="207" X2="189" Y2="208" Target="0" Move="-1" Name="" Dir="1" ReqLevel="160" ReqZen="0" />
  <Gate Number="344" GateType="0" Map="Karutan2" X1="162" Y1="16" X2="163" Y2="17" Target="0" Move="37" Name="Karutan 2 M" Dir="5" ReqLevel="160" ReqZen="0" />

  <Gate Number="345" GateType="0" Map="DoppelgangerRenewal" X1="60" Y1="66" X2="63" Y2="69" Target="0" Dir="0" ReqLevel="0" Name="" ReqZen="0" Move="-1" />
  <Gate Number="346" GateType="0" Map="DoppelgangerRenewal" X1="69" Y1="195" X2="72" Y2="198" Target="0" Dir="0" ReqLevel="0" Name="" ReqZen="0" Move="-1" />
  <Gate Number="347" GateType="0" Map="DoppelgangerRenewal" X1="196" Y1="187" X2="199" Y2="190" Target="0" Dir="0" ReqLevel="0" Name="" ReqZen="0" Move="-1" />
  <Gate Number="348" GateType="0" Map="DoppelgangerRenewal" X1="187" Y1="61" X2="190" Y2="64" Target="0" Dir="0" ReqLevel="0" Name="" ReqZen="0" Move="-1" />
  <Gate Number="349" GateType="0" Map="83" X1="60" Y1="66" X2="63" Y2="69" Target="0" Dir="0" ReqLevel="0" Name="" ReqZen="0" Move="-1" />
  <Gate Number="350" GateType="0" Map="83" X1="69" Y1="195" X2="72" Y2="198" Target="0" Dir="0" ReqLevel="0" Name="" ReqZen="0" Move="-1" />
  <Gate Number="351" GateType="0" Map="83" X1="196" Y1="187" X2="199" Y2="190" Target="0" Dir="0" ReqLevel="0" Name="" ReqZen="0" Move="-1" />
  <Gate Number="352" GateType="0" Map="83" X1="187" Y1="61" X2="190" Y2="64" Target="0" Dir="0" ReqLevel="0" Name="" ReqZen="0" Move="-1" />
  <Gate Number="353" GateType="0" Map="84" X1="60" Y1="66" X2="63" Y2="69" Target="0" Dir="0" ReqLevel="0" Name="" ReqZen="0" Move="-1" />
  <Gate Number="354" GateType="0" Map="84" X1="69" Y1="195" X2="72" Y2="198" Target="0" Dir="0" ReqLevel="0" Name="" ReqZen="0" Move="-1" />
  <Gate Number="355" GateType="0" Map="84" X1="196" Y1="187" X2="199" Y2="190" Target="0" Dir="0" ReqLevel="0" Name="" ReqZen="0" Move="-1" />
  <Gate Number="356" GateType="0" Map="84" X1="187" Y1="61" X2="190" Y2="64" Target="0" Dir="0" ReqLevel="0" Name="" ReqZen="0" Move="-1" />
  <Gate Number="357" GateType="0" Map="85" X1="60" Y1="66" X2="63" Y2="69" Target="0" Dir="0" ReqLevel="0" Name="" ReqZen="0" Move="-1" />
  <Gate Number="358" GateType="0" Map="85" X1="69" Y1="195" X2="72" Y2="198" Target="0" Dir="0" ReqLevel="0" Name="" ReqZen="0" Move="-1" />
  <Gate Number="359" GateType="0" Map="85" X1="196" Y1="187" X2="199" Y2="190" Target="0" Dir="0" ReqLevel="0" Name="" ReqZen="0" Move="-1" />
  <Gate Number="360" GateType="0" Map="85" X1="187" Y1="61" X2="190" Y2="64" Target="0" Dir="0" ReqLevel="0" Name="" ReqZen="0" Move="-1" />
  <Gate Number="361" GateType="0" Map="86" X1="60" Y1="66" X2="63" Y2="69" Target="0" Dir="0" ReqLevel="0" Name="" ReqZen="0" Move="-1" />
  <Gate Number="362" GateType="0" Map="86" X1="69" Y1="195" X2="72" Y2="198" Target="0" Dir="0" ReqLevel="0" Name="" ReqZen="0" Move="-1" />
  <Gate Number="363" GateType="0" Map="86" X1="196" Y1="187" X2="199" Y2="190" Target="0" Dir="0" ReqLevel="0" Name="" ReqZen="0" Move="-1" />
  <Gate Number="364" GateType="0" Map="86" X1="187" Y1="61" X2="190" Y2="64" Target="0" Dir="0" ReqLevel="0" Name="" ReqZen="0" Move="-1" />
  <Gate Number="365" GateType="0" Map="87" X1="60" Y1="66" X2="63" Y2="69" Target="0" Dir="0" ReqLevel="0" Name="" ReqZen="0" Move="-1" />
  <Gate Number="366" GateType="0" Map="87" X1="69" Y1="195" X2="72" Y2="198" Target="0" Dir="0" ReqLevel="0" Name="" ReqZen="0" Move="-1" />
  <Gate Number="367" GateType="0" Map="87" X1="196" Y1="187" X2="199" Y2="190" Target="0" Dir="0" ReqLevel="0" Name="" ReqZen="0" Move="-1" />
  <Gate Number="368" GateType="0" Map="87" X1="187" Y1="61" X2="190" Y2="64" Target="0" Dir="0" ReqLevel="0" Name="" ReqZen="0" Move="-1" />
  <Gate Number="369" GateType="0" Map="88" X1="60" Y1="66" X2="63" Y2="69" Target="0" Dir="0" ReqLevel="0" Name="" ReqZen="0" Move="-1" />
  <Gate Number="370" GateType="0" Map="88" X1="69" Y1="195" X2="72" Y2="198" Target="0" Dir="0" ReqLevel="0" Name="" ReqZen="0" Move="-1" />
  <Gate Number="371" GateType="0" Map="88" X1="196" Y1="187" X2="199" Y2="190" Target="0" Dir="0" ReqLevel="0" Name="" ReqZen="0" Move="-1" />
  <Gate Number="372" GateType="0" Map="88" X1="187" Y1="61" X2="190" Y2="64" Target="0" Dir="0" ReqLevel="0" Name="" ReqZen="0" Move="-1" />
  <Gate Number="373" GateType="0" Map="89" X1="60" Y1="66" X2="63" Y2="69" Target="0" Dir="0" ReqLevel="0" Name="" ReqZen="0" Move="-1" />
  <Gate Number="374" GateType="0" Map="89" X1="69" Y1="195" X2="72" Y2="198" Target="0" Dir="0" ReqLevel="0" Name="" ReqZen="0" Move="-1" />
  <Gate Number="375" GateType="0" Map="89" X1="196" Y1="187" X2="199" Y2="190" Target="0" Dir="0" ReqLevel="0" Name="" ReqZen="0" Move="-1" />
  <Gate Number="376" GateType="0" Map="89" X1="187" Y1="61" X2="190" Y2="64" Target="0" Dir="0" ReqLevel="0" Name="" ReqZen="0" Move="-1" />
  <Gate Number="377" GateType="0" Map="90" X1="60" Y1="66" X2="63" Y2="69" Target="0" Dir="0" ReqLevel="0" Name="" ReqZen="0" Move="-1" />
  <Gate Number="378" GateType="0" Map="90" X1="69" Y1="195" X2="72" Y2="198" Target="0" Dir="0" ReqLevel="0" Name="" ReqZen="0" Move="-1" />
  <Gate Number="379" GateType="0" Map="90" X1="196" Y1="187" X2="199" Y2="190" Target="0" Dir="0" ReqLevel="0" Name="" ReqZen="0" Move="-1" />
  <Gate Number="380" GateType="0" Map="90" X1="187" Y1="61" X2="190" Y2="64" Target="0" Dir="0" ReqLevel="0" Name="" ReqZen="0" Move="-1" />
  <Gate Number="381" GateType="0" Map="DoppelgangerRenewal" X1="123" Y1="120" X2="129" Y2="134" Target="0" Dir="0" ReqLevel="0" Name="" ReqZen="0" Move="-1" />
  <Gate Number="382" GateType="0" Map="DoppelgangerRenewal" X1="123" Y1="126" X2="134" Y2="132" Target="0" Dir="0" ReqLevel="0" Name="" ReqZen="0" Move="-1" />
  <Gate Number="383" GateType="0" Map="DoppelgangerRenewal" X1="127" Y1="121" X2="133" Y2="133" Target="0" Dir="0" ReqLevel="0" Name="" ReqZen="0" Move="-1" />
  <Gate Number="384" GateType="0" Map="DoppelgangerRenewal" X1="123" Y1="121" X2="133" Y2="128" Target="0" Dir="0" ReqLevel="0" Name="" ReqZen="0" Move="-1" />
  <Gate Number="385" GateType="0" Map="83" X1="123" Y1="120" X2="129" Y2="134" Target="0" Dir="0" ReqLevel="0" Name="" ReqZen="0" Move="-1" />
  <Gate Number="386" GateType="0" Map="83" X1="123" Y1="126" X2="134" Y2="132" Target="0" Dir="0" ReqLevel="0" Name="" ReqZen="0" Move="-1" />
  <Gate Number="387" GateType="0" Map="83" X1="127" Y1="121" X2="133" Y2="133" Target="0" Dir="0" ReqLevel="0" Name="" ReqZen="0" Move="-1" />
  <Gate Number="388" GateType="0" Map="83" X1="123" Y1="121" X2="133" Y2="128" Target="0" Dir="0" ReqLevel="0" Name="" ReqZen="0" Move="-1" />
  <Gate Number="389" GateType="0" Map="84" X1="123" Y1="120" X2="129" Y2="134" Target="0" Dir="0" ReqLevel="0" Name="" ReqZen="0" Move="-1" />
  <Gate Number="390" GateType="0" Map="84" X1="123" Y1="126" X2="134" Y2="132" Target="0" Dir="0" ReqLevel="0" Name="" ReqZen="0" Move="-1" />
  <Gate Number="391" GateType="0" Map="84" X1="127" Y1="121" X2="133" Y2="133" Target="0" Dir="0" ReqLevel="0" Name="" ReqZen="0" Move="-1" />
  <Gate Number="392" GateType="0" Map="84" X1="123" Y1="121" X2="133" Y2="128" Target="0" Dir="0" ReqLevel="0" Name="" ReqZen="0" Move="-1" />
  <Gate Number="393" GateType="0" Map="85" X1="123" Y1="120" X2="129" Y2="134" Target="0" Dir="0" ReqLevel="0" Name="" ReqZen="0" Move="-1" />
  <Gate Number="394" GateType="0" Map="85" X1="123" Y1="126" X2="134" Y2="132" Target="0" Dir="0" ReqLevel="0" Name="" ReqZen="0" Move="-1" />
  <Gate Number="395" GateType="0" Map="85" X1="127" Y1="121" X2="133" Y2="133" Target="0" Dir="0" ReqLevel="0" Name="" ReqZen="0" Move="-1" />
  <Gate Number="396" GateType="0" Map="85" X1="123" Y1="121" X2="133" Y2="128" Target="0" Dir="0" ReqLevel="0" Name="" ReqZen="0" Move="-1" />
  <Gate Number="397" GateType="0" Map="86" X1="123" Y1="120" X2="129" Y2="134" Target="0" Dir="0" ReqLevel="0" Name="" ReqZen="0" Move="-1" />
  <Gate Number="398" GateType="0" Map="86" X1="123" Y1="126" X2="134" Y2="132" Target="0" Dir="0" ReqLevel="0" Name="" ReqZen="0" Move="-1" />
  <Gate Number="399" GateType="0" Map="86" X1="127" Y1="121" X2="133" Y2="133" Target="0" Dir="0" ReqLevel="0" Name="" ReqZen="0" Move="-1" />
  <Gate Number="400" GateType="0" Map="86" X1="123" Y1="121" X2="133" Y2="128" Target="0" Dir="0" ReqLevel="0" Name="" ReqZen="0" Move="-1" />
  <Gate Number="401" GateType="0" Map="87" X1="123" Y1="120" X2="129" Y2="134" Target="0" Dir="0" ReqLevel="0" Name="" ReqZen="0" Move="-1" />
  <Gate Number="402" GateType="0" Map="87" X1="123" Y1="126" X2="134" Y2="132" Target="0" Dir="0" ReqLevel="0" Name="" ReqZen="0" Move="-1" />
  <Gate Number="403" GateType="0" Map="87" X1="127" Y1="121" X2="133" Y2="133" Target="0" Dir="0" ReqLevel="0" Name="" ReqZen="0" Move="-1" />
  <Gate Number="404" GateType="0" Map="87" X1="123" Y1="121" X2="133" Y2="128" Target="0" Dir="0" ReqLevel="0" Name="" ReqZen="0" Move="-1" />
  <Gate Number="405" GateType="0" Map="88" X1="123" Y1="120" X2="129" Y2="134" Target="0" Dir="0" ReqLevel="0" Name="" ReqZen="0" Move="-1" />
  <Gate Number="406" GateType="0" Map="88" X1="123" Y1="126" X2="134" Y2="132" Target="0" Dir="0" ReqLevel="0" Name="" ReqZen="0" Move="-1" />
  <Gate Number="407" GateType="0" Map="88" X1="127" Y1="121" X2="133" Y2="133" Target="0" Dir="0" ReqLevel="0" Name="" ReqZen="0" Move="-1" />
  <Gate Number="408" GateType="0" Map="88" X1="123" Y1="121" X2="133" Y2="128" Target="0" Dir="0" ReqLevel="0" Name="" ReqZen="0" Move="-1" />
  <Gate Number="409" GateType="0" Map="89" X1="123" Y1="120" X2="129" Y2="134" Target="0" Dir="0" ReqLevel="0" Name="" ReqZen="0" Move="-1" />
  <Gate Number="410" GateType="0" Map="89" X1="123" Y1="126" X2="134" Y2="132" Target="0" Dir="0" ReqLevel="0" Name="" ReqZen="0" Move="-1" />
  <Gate Number="411" GateType="0" Map="89" X1="127" Y1="121" X2="133" Y2="133" Target="0" Dir="0" ReqLevel="0" Name="" ReqZen="0" Move="-1" />
  <Gate Number="412" GateType="0" Map="89" X1="123" Y1="121" X2="133" Y2="128" Target="0" Dir="0" ReqLevel="0" Name="" ReqZen="0" Move="-1" />
  <Gate Number="413" GateType="0" Map="90" X1="123" Y1="120" X2="129" Y2="134" Target="0" Dir="0" ReqLevel="0" Name="" ReqZen="0" Move="-1" />
  <Gate Number="414" GateType="0" Map="90" X1="123" Y1="126" X2="134" Y2="132" Target="0" Dir="0" ReqLevel="0" Name="" ReqZen="0" Move="-1" />
  <Gate Number="415" GateType="0" Map="90" X1="127" Y1="121" X2="133" Y2="133" Target="0" Dir="0" ReqLevel="0" Name="" ReqZen="0" Move="-1" />
  <Gate Number="416" GateType="0" Map="90" X1="123" Y1="121" X2="133" Y2="128" Target="0" Dir="0" ReqLevel="0" Name="" ReqZen="0" Move="-1" />
  <Gate Number="417" GateType="0" Map="Acheron" X1="51" Y1="190" X2="60" Y2="197" Target="0" Dir="0" ReqLevel="0" Name="" ReqZen="0" Move="-1" />
  <Gate Number="418" GateType="1" Map="Acheron" X1="26" Y1="168" X2="28" Y2="172" Target="419" Dir="0" ReqLevel="0" Name="" ReqZen="0" Move="-1" />
  <Gate Number="419" GateType="2" Map="Acheron" X1="112" Y1="161" X2="114" Y2="166" Target="0" Dir="0" ReqLevel="0" Name="" ReqZen="0" Move="-1" />
  <Gate Number="420" GateType="1" Map="Acheron" X1="115" Y1="168" X2="118" Y2="170" Target="421" Dir="0" ReqLevel="0" Name="" ReqZen="0" Move="-1" />
  <Gate Number="421" GateType="2" Map="Acheron" X1="33" Y1="167" X2="37" Y2="170" Target="0" Dir="0" ReqLevel="0" Name="" ReqZen="0" Move="-1" />
  <Gate Number="422" GateType="1" Map="Acheron" X1="82" Y1="204" X2="86" Y2="205" Target="423" Dir="0" ReqLevel="0" Name="" ReqZen="0" Move="-1" />
  <Gate Number="423" GateType="2" Map="Acheron" X1="151" Y1="198" X2="156" Y2="200" Target="0" Dir="0" ReqLevel="0" Name="" ReqZen="0" Move="-1" />
  <Gate Number="424" GateType="1" Map="Acheron" X1="147" Y1="202" X2="148" Y2="206" Target="425" Dir="0" ReqLevel="0" Name="" ReqZen="0" Move="-1" />
  <Gate Number="425" GateType="2" Map="Acheron" X1="81" Y1="197" X2="83" Y2="199" Target="0" Dir="0" ReqLevel="0" Name="" ReqZen="0" Move="-1" />
  <Gate Number="426" GateType="0" Map="ArkaWar" X1="51" Y1="190" X2="60" Y2="197" Target="0" Dir="0" ReqLevel="0" Name="" ReqZen="0" Move="-1" />
  <Gate Number="427" GateType="1" Map="ArkaWar" X1="26" Y1="168" X2="28" Y2="172" Target="428" Dir="0" ReqLevel="0" Name="" ReqZen="0" Move="-1" />
  <Gate Number="428" GateType="2" Map="ArkaWar" X1="112" Y1="161" X2="114" Y2="166" Target="0" Dir="0" ReqLevel="0" Name="" ReqZen="0" Move="-1" />
  <Gate Number="429" GateType="1" Map="ArkaWar" X1="115" Y1="168" X2="118" Y2="170" Target="430" Dir="0" ReqLevel="0" Name="" ReqZen="0" Move="-1" />
  <Gate Number="430" GateType="2" Map="ArkaWar" X1="33" Y1="167" X2="37" Y2="170" Target="0" Dir="0" ReqLevel="0" Name="" ReqZen="0" Move="-1" />
  <Gate Number="431" GateType="1" Map="ArkaWar" X1="82" Y1="204" X2="86" Y2="205" Target="432" Dir="0" ReqLevel="0" Name="" ReqZen="0" Move="-1" />
  <Gate Number="432" GateType="2" Map="ArkaWar" X1="151" Y1="198" X2="156" Y2="200" Target="0" Dir="0" ReqLevel="0" Name="" ReqZen="0" Move="-1" />
  <Gate Number="433" GateType="1" Map="ArkaWar" X1="147" Y1="202" X2="148" Y2="206" Target="434" Dir="0" ReqLevel="0" Name="" ReqZen="0" Move="-1" />
  <Gate Number="434" GateType="2" Map="ArkaWar" X1="81" Y1="197" X2="83" Y2="199" Target="0" Dir="0" ReqLevel="0" Name="" ReqZen="0" Move="-1" />
  <Gate Number="435" GateType="1" Map="Acheron" X1="52" Y1="161" X2="53" Y2="163" Target="436" Dir="0" ReqLevel="0" Name="" ReqZen="0" Move="-1" />
  <Gate Number="436" GateType="2" Map="Debenter" X1="19" Y1="104" X2="20" Y2="105" Target="0" Dir="1" ReqLevel="0" Name="" ReqZen="0" Move="-1" />
  <Gate Number="437" GateType="1" Map="Debenter" X1="17" Y1="106" X2="18" Y2="107" Target="438" Dir="0" ReqLevel="0" Name="" ReqZen="0" Move="-1" />
  <Gate Number="438" GateType="2" Map="Acheron" X1="54" Y1="163" X2="55" Y2="164" Target="0" Dir="5" ReqLevel="0" Name="" ReqZen="0" Move="-1" />
  <Gate Number="439" GateType="1" Map="ArkaWar" X1="52" Y1="161" X2="53" Y2="163" Target="440" Dir="0" ReqLevel="0" Name="" ReqZen="0" Move="-1" />
  <Gate Number="440" GateType="2" Map="ArcaBattle" X1="19" Y1="104" X2="20" Y2="105" Target="0" Dir="1" ReqLevel="0" Name="" ReqZen="0" Move="-1" />
  <Gate Number="441" GateType="1" Map="ArcaBattle" X1="17" Y1="106" X2="18" Y2="107" Target="442" Dir="0" ReqLevel="0" Name="" ReqZen="0" Move="-1" />
  <Gate Number="442" GateType="2" Map="ArkaWar" X1="54" Y1="163" X2="55" Y2="164" Target="0" Dir="5" ReqLevel="0" Name="" ReqZen="0" Move="-1" />
  <Gate Number="443" GateType="0" Map="ChaosCastleSurvival" X1="31" Y1="88" X2="36" Y2="95" Target="0" Dir="0" ReqLevel="0" Name="" ReqZen="0" Move="-1" />
  <Gate Number="444" GateType="0" Map="IllussionTempleLeague1" X1="98" Y1="128" X2="108" Y2="137" Target="0" Dir="0" ReqLevel="0" Name="" ReqZen="0" Move="-1" />
  <Gate Number="445" GateType="0" Map="IllussionTempleLeague2" X1="98" Y1="128" X2="108" Y2="137" Target="0" Dir="0" ReqLevel="0" Name="" ReqZen="0" Move="-1" />
  <Gate Number="446" GateType="0" Map="IllussionTempleLeague1" X1="141" Y1="41" X2="146" Y2="45" Target="0" Dir="0" ReqLevel="0" Name="" ReqZen="0" Move="-1" />
  <Gate Number="447" GateType="0" Map="IllussionTempleLeague2" X1="141" Y1="41" X2="146" Y2="45" Target="0" Dir="0" ReqLevel="0" Name="" ReqZen="0" Move="-1" />
  <Gate Number="448" GateType="0" Map="IllussionTempleLeague1" X1="194" Y1="124" X2="198" Y2="127" Target="0" Dir="0" ReqLevel="0" Name="" ReqZen="0" Move="-1" />
  <Gate Number="449" GateType="0" Map="IllussionTempleLeague2" X1="194" Y1="124" X2="198" Y2="127" Target="0" Dir="0" ReqLevel="0" Name="" ReqZen="0" Move="-1" />
  <Gate Number="450" GateType="1" Map="Acheron" X1="65" Y1="218" X2="67" Y2="219" Target="451" Dir="3" ReqLevel="0" Name="" ReqZen="0" Move="-1" />
  <Gate Number="451" GateType="2" Map="UrkMontain1" X1="24" Y1="90" X2="25" Y2="86" Target="0" Dir="5" ReqLevel="0" Name="" ReqZen="0" Move="-1" />
  <Gate Number="452" GateType="1" Map="UrkMontain1" X1="19" Y1="87" X2="20" Y2="88" Target="453" Dir="5" ReqLevel="0" Name="" ReqZen="0" Move="-1" />
  <Gate Number="453" GateType="2" Map="Acheron" X1="62" Y1="213" X2="64" Y2="214" Target="0" Dir="3" ReqLevel="0" Name="" ReqZen="0" Move="-1" />
  <Gate Number="454" GateType="1" Map="UrkMontain1" X1="42" Y1="80" X2="44" Y2="81" Target="455" Dir="0" ReqLevel="0" Name="" ReqZen="0" Move="-1" />
  <Gate Number="455" GateType="2" Map="UrkMontain1" X1="212" Y1="31" X2="213" Y2="32" Target="0" Dir="0" ReqLevel="0" Name="" ReqZen="0" Move="-1" />
  <Gate Number="456" GateType="1" Map="UrkMontain1" X1="215" Y1="33" X2="217" Y2="34" Target="457" Dir="0" ReqLevel="0" Name="" ReqZen="0" Move="-1" />
  <Gate Number="457" GateType="2" Map="UrkMontain1" X1="40" Y1="82" X2="41" Y2="84" Target="0" Dir="0" ReqLevel="0" Name="" ReqZen="0" Move="-1" />
  <Gate Number="458" GateType="1" Map="UrkMontain1" X1="40" Y1="97" X2="42" Y2="98" Target="459" Dir="0" ReqLevel="0" Name="" ReqZen="0" Move="-1" />
  <Gate Number="459" GateType="2" Map="UrkMontain1" X1="107" Y1="225" X2="109" Y2="226" Target="0" Dir="0" ReqLevel="0" Name="" ReqZen="0" Move="-1" />
  <Gate Number="460" GateType="1" Map="UrkMontain1" X1="108" Y1="229" X2="110" Y2="230" Target="461" Dir="0" ReqLevel="0" Name="" ReqZen="0" Move="-1" />
  <Gate Number="461" GateType="2" Map="UrkMontain1" X1="39" Y1="94" X2="40" Y2="95" Target="0" Dir="0" ReqLevel="0" Name="" ReqZen="0" Move="-1" />
  <Gate Number="462" GateType="1" Map="ArkaWar" X1="65" Y1="218" X2="67" Y2="219" Target="451" Dir="3" ReqLevel="0" Name="" ReqZen="0" Move="-1" />
  <Gate Number="463" GateType="2" Map="UrkMontain2" X1="24" Y1="90" X2="25" Y2="86" Target="0" Dir="5" ReqLevel="0" Name="" ReqZen="0" Move="-1" />
  <Gate Number="464" GateType="1" Map="UrkMontain2" X1="19" Y1="87" X2="20" Y2="88" Target="450" Dir="5" ReqLevel="0" Name="" ReqZen="0" Move="-1" />
  <Gate Number="465" GateType="2" Map="ArkaWar" X1="65" Y1="215" X2="66" Y2="216" Target="0" Dir="3" ReqLevel="0" Name="" ReqZen="0" Move="-1" />
  <Gate Number="466" GateType="1" Map="UrkMontain2" X1="42" Y1="80" X2="44" Y2="81" Target="455" Dir="0" ReqLevel="0" Name="" ReqZen="0" Move="-1" />
  <Gate Number="467" GateType="2" Map="UrkMontain2" X1="212" Y1="31" X2="213" Y2="32" Target="0" Dir="0" ReqLevel="0" Name="" ReqZen="0" Move="-1" />
  <Gate Number="468" GateType="1" Map="UrkMontain2" X1="215" Y1="33" X2="217" Y2="34" Target="0" Dir="0" ReqLevel="0" Name="" ReqZen="0" Move="-1" />
  <Gate Number="469" GateType="2" Map="UrkMontain2" X1="40" Y1="82" X2="41" Y2="84" Target="0" Dir="0" ReqLevel="0" Name="" ReqZen="0" Move="-1" />
  <Gate Number="470" GateType="1" Map="UrkMontain2" X1="40" Y1="97" X2="42" Y2="98" Target="459" Dir="0" ReqLevel="0" Name="" ReqZen="0" Move="-1" />
  <Gate Number="471" GateType="2" Map="UrkMontain2" X1="107" Y1="225" X2="109" Y2="226" Target="0" Dir="0" ReqLevel="0" Name="" ReqZen="0" Move="-1" />
  <Gate Number="472" GateType="1" Map="UrkMontain2" X1="108" Y1="229" X2="110" Y2="230" Target="461" Dir="0" ReqLevel="0" Name="" ReqZen="0" Move="-1" />
  <Gate Number="473" GateType="2" Map="UrkMontain2" X1="39" Y1="94" X2="40" Y2="95" Target="0" Dir="0" ReqLevel="0" Name="" ReqZen="0" Move="-1" />
  <Gate Number="474" GateType="0" Map="TormentedSquareoftheFittest" X1="125" Y1="126" X2="130" Y2="130" Target="0" Dir="0" ReqLevel="10" Name="" ReqZen="0" Move="-1" />
  <Gate Number="475" GateType="1" Map="Dugeon" X1="115" Y1="231" X2="117" Y2="233" Target="476" Dir="0" ReqLevel="0" Name="" ReqZen="0" Move="-1" />
  <Gate Number="476" GateType="2" Map="Dugeon" X1="45" Y1="152" X2="48" Y2="155" Target="0" Dir="0" ReqLevel="0" Name="" ReqZen="0" Move="-1" />
  <Gate Number="477" GateType="1" Map="Dugeon" X1="45" Y1="148" X2="47" Y2="150" Target="478" Dir="0" ReqLevel="0" Name="" ReqZen="0" Move="-1" />
  <Gate Number="478" GateType="2" Map="Dugeon" X1="112" Y1="232" X2="113" Y2="234" Target="0" Dir="0" ReqLevel="0" Name="" ReqZen="0" Move="-1" />
  <Gate Number="479" GateType="1" Map="Dugeon" X1="233" Y1="106" X2="237" Y2="108" Target="480" Dir="0" ReqLevel="0" Name="" ReqZen="0" Move="-1" />
  <Gate Number="480" GateType="2" Map="Dugeon" X1="241" Y1="85" X2="242" Y2="89" Target="0" Dir="0" ReqLevel="0" Name="" ReqZen="0" Move="-1" />
  <Gate Number="481" GateType="1" Map="Dugeon" X1="244" Y1="86" X2="245" Y2="89" Target="482" Dir="0" ReqLevel="0" Name="" ReqZen="0" Move="-1" />
  <Gate Number="482" GateType="2" Map="Dugeon" X1="229" Y1="108" X2="231" Y2="110" Target="0" Dir="0" ReqLevel="0" Name="" ReqZen="0" Move="-1" />
  <Gate Number="483" GateType="0" Map="Aida" X1="50" Y1="66" X2="50" Y2="66" Target="0" Dir="0" ReqLevel="190" Name="Aida 3 M" ReqZen="0" Move="30" />
  <Gate Number="484" GateType="0" Map="Dugeon" X1="243" Y1="21" X2="243" Y2="21" Target="0" Dir="0" ReqLevel="40" Name="Dungeon 3 M" ReqZen="0" Move="-1" />
  <Gate Number="485" GateType="0" Map="Raklion" X1="84" Y1="115" X2="84" Y2="115" Target="0" Dir="0" ReqLevel="290" Name="Raklion 2 M" ReqZen="0" Move="42" />
  <Gate Number="486" GateType="0" Map="Crywolf" X1="112" Y1="198" X2="112" Y2="198" Target="0" Dir="0" ReqLevel="180" Name="Crywolf 2 M" ReqZen="0" Move="39" />
  <Gate Number="487" GateType="0" Map="Kantru1" X1="120" Y1="54" X2="120" Y2="54" Target="0" Dir="0" ReqLevel="170" Name="Kanturu 3 M" ReqZen="0" Move="35" />
</Warp>